date,from_province,to_province,from_district,to_district,total_people,male,female
202301,서울특별시,서울특별시,중구,중구,176,96,80
202302,서울특별시,서울특별시,중구,중구,163,93,70
202303,서울특별시,서울특별시,중구,중구,243,129,114
202301,서울특별시,서울특별시,중구,종로구,30,14,16
202302,서울특별시,서울특별시,중구,종로구,45,19,26
202303,서울특별시,서울특별시,중구,종로구,58,27,31
202301,서울특별시,서울특별시,중구,용산구,57,30,27
202302,서울특별시,서울특별시,중구,용산구,49,21,28
202303,서울특별시,서울특별시,중구,용산구,86,39,47
202301,서울특별시,서울특별시,중구,성동구,68,30,38
202302,서울특별시,서울특별시,중구,성동구,87,42,45
202303,서울특별시,서울특별시,중구,성동구,107,47,60
202301,서울특별시,서울특별시,중구,광진구,29,8,21
202302,서울특별시,서울특별시,중구,광진구,41,20,21
202303,서울특별시,서울특별시,중구,광진구,41,16,25
202301,서울특별시,서울특별시,중구,동대문구,27,12,15
202302,서울특별시,서울특별시,중구,동대문구,59,30,29
202303,서울특별시,서울특별시,중구,동대문구,50,23,27
202301,서울특별시,서울특별시,중구,중랑구,16,10,6
202302,서울특별시,서울특별시,중구,중랑구,19,14,5
202303,서울특별시,서울특별시,중구,중랑구,31,16,15
202301,서울특별시,서울특별시,중구,성북구,37,23,14
202302,서울특별시,서울특별시,중구,성북구,64,32,32
202303,서울특별시,서울특별시,중구,성북구,58,30,28
202301,서울특별시,서울특별시,중구,강북구,25,14,11
202302,서울특별시,서울특별시,중구,강북구,34,15,19
202303,서울특별시,서울특별시,중구,강북구,26,10,16
202301,서울특별시,서울특별시,중구,도봉구,13,5,8
202302,서울특별시,서울특별시,중구,도봉구,22,11,11
202303,서울특별시,서울특별시,중구,도봉구,21,12,9
202301,서울특별시,서울특별시,중구,노원구,24,11,13
202302,서울특별시,서울특별시,중구,노원구,35,19,16
202303,서울특별시,서울특별시,중구,노원구,46,26,20
202301,서울특별시,서울특별시,중구,은평구,18,6,12
202302,서울특별시,서울특별시,중구,은평구,44,20,24
202303,서울특별시,서울특별시,중구,은평구,47,22,25
202301,서울특별시,서울특별시,중구,서대문구,13,6,7
202302,서울특별시,서울특별시,중구,서대문구,48,22,26
202303,서울특별시,서울특별시,중구,서대문구,82,38,44
202301,서울특별시,서울특별시,중구,마포구,59,22,37
202302,서울특별시,서울특별시,중구,마포구,63,34,29
202303,서울특별시,서울특별시,중구,마포구,83,41,42
202301,서울특별시,서울특별시,중구,양천구,1,0,1
202302,서울특별시,서울특별시,중구,양천구,9,3,6
202303,서울특별시,서울특별시,중구,양천구,18,5,13
202301,서울특별시,서울특별시,중구,강서구,8,5,3
202302,서울특별시,서울특별시,중구,강서구,15,7,8
202303,서울특별시,서울특별시,중구,강서구,36,20,16
202301,서울특별시,서울특별시,중구,구로구,11,8,3
202302,서울특별시,서울특별시,중구,구로구,15,7,8
202303,서울특별시,서울특별시,중구,구로구,15,11,4
202301,서울특별시,서울특별시,중구,금천구,5,2,3
202302,서울특별시,서울특별시,중구,금천구,10,4,6
202303,서울특별시,서울특별시,중구,금천구,9,4,5
202301,서울특별시,서울특별시,중구,영등포구,27,12,15
202302,서울특별시,서울특별시,중구,영등포구,31,15,16
202303,서울특별시,서울특별시,중구,영등포구,56,26,30
202301,서울특별시,서울특별시,중구,동작구,20,14,6
202302,서울특별시,서울특별시,중구,동작구,40,17,23
202303,서울특별시,서울특별시,중구,동작구,27,13,14
202301,서울특별시,서울특별시,중구,관악구,24,12,12
202302,서울특별시,서울특별시,중구,관악구,31,13,18
202303,서울특별시,서울특별시,중구,관악구,55,28,27
202301,서울특별시,서울특별시,중구,서초구,22,12,10
202302,서울특별시,서울특별시,중구,서초구,50,20,30
202303,서울특별시,서울특별시,중구,서초구,40,17,23
202301,서울특별시,서울특별시,중구,강남구,45,20,25
202302,서울특별시,서울특별시,중구,강남구,75,40,35
202303,서울특별시,서울특별시,중구,강남구,60,35,25
202301,서울특별시,서울특별시,중구,송파구,29,13,16
202302,서울특별시,서울특별시,중구,송파구,42,15,27
202303,서울특별시,서울특별시,중구,송파구,56,24,32
202301,서울특별시,서울특별시,중구,강동구,8,4,4
202302,서울특별시,서울특별시,중구,강동구,28,13,15
202303,서울특별시,서울특별시,중구,강동구,23,12,11
202301,서울특별시,서울특별시,종로구,중구,35,19,16
202302,서울특별시,서울특별시,종로구,중구,59,25,34
202303,서울특별시,서울특별시,종로구,중구,44,25,19
202301,서울특별시,서울특별시,종로구,종로구,155,73,82
202302,서울특별시,서울특별시,종로구,종로구,205,98,107
202303,서울특별시,서울특별시,종로구,종로구,284,141,143
202301,서울특별시,서울특별시,종로구,용산구,31,15,16
202302,서울특별시,서울특별시,종로구,용산구,40,22,18
202303,서울특별시,서울특별시,종로구,용산구,31,15,16
202301,서울특별시,서울특별시,종로구,성동구,33,14,19
202302,서울특별시,서울특별시,종로구,성동구,40,21,19
202303,서울특별시,서울특별시,종로구,성동구,35,14,21
202301,서울특별시,서울특별시,종로구,광진구,24,16,8
202302,서울특별시,서울특별시,종로구,광진구,20,11,9
202303,서울특별시,서울특별시,종로구,광진구,17,7,10
202301,서울특별시,서울특별시,종로구,동대문구,39,27,12
202302,서울특별시,서울특별시,종로구,동대문구,40,18,22
202303,서울특별시,서울특별시,종로구,동대문구,31,16,15
202301,서울특별시,서울특별시,종로구,중랑구,6,2,4
202302,서울특별시,서울특별시,종로구,중랑구,22,11,11
202303,서울특별시,서울특별시,종로구,중랑구,13,7,6
202301,서울특별시,서울특별시,종로구,성북구,70,29,41
202302,서울특별시,서울특별시,종로구,성북구,121,46,75
202303,서울특별시,서울특별시,종로구,성북구,118,58,60
202301,서울특별시,서울특별시,종로구,강북구,9,6,3
202302,서울특별시,서울특별시,종로구,강북구,37,14,23
202303,서울특별시,서울특별시,종로구,강북구,17,10,7
202301,서울특별시,서울특별시,종로구,도봉구,19,10,9
202302,서울특별시,서울특별시,종로구,도봉구,26,14,12
202303,서울특별시,서울특별시,종로구,도봉구,10,4,6
202301,서울특별시,서울특별시,종로구,노원구,24,11,13
202302,서울특별시,서울특별시,종로구,노원구,26,12,14
202303,서울특별시,서울특별시,종로구,노원구,24,10,14
202301,서울특별시,서울특별시,종로구,은평구,38,17,21
202302,서울특별시,서울특별시,종로구,은평구,37,18,19
202303,서울특별시,서울특별시,종로구,은평구,57,28,29
202301,서울특별시,서울특별시,종로구,서대문구,58,31,27
202302,서울특별시,서울특별시,종로구,서대문구,118,53,65
202303,서울특별시,서울특별시,종로구,서대문구,73,34,39
202301,서울특별시,서울특별시,종로구,마포구,39,17,22
202302,서울특별시,서울특별시,종로구,마포구,72,29,43
202303,서울특별시,서울특별시,종로구,마포구,46,22,24
202301,서울특별시,서울특별시,종로구,양천구,6,2,4
202302,서울특별시,서울특별시,종로구,양천구,26,14,12
202303,서울특별시,서울특별시,종로구,양천구,22,11,11
202301,서울특별시,서울특별시,종로구,강서구,18,12,6
202302,서울특별시,서울특별시,종로구,강서구,31,19,12
202303,서울특별시,서울특별시,종로구,강서구,28,15,13
202301,서울특별시,서울특별시,종로구,구로구,11,8,3
202302,서울특별시,서울특별시,종로구,구로구,31,14,17
202303,서울특별시,서울특별시,종로구,구로구,7,3,4
202301,서울특별시,서울특별시,종로구,금천구,4,1,3
202302,서울특별시,서울특별시,종로구,금천구,4,3,1
202303,서울특별시,서울특별시,종로구,금천구,10,2,8
202301,서울특별시,서울특별시,종로구,영등포구,17,7,10
202302,서울특별시,서울특별시,종로구,영등포구,29,16,13
202303,서울특별시,서울특별시,종로구,영등포구,23,14,9
202301,서울특별시,서울특별시,종로구,동작구,13,7,6
202302,서울특별시,서울특별시,종로구,동작구,36,15,21
202303,서울특별시,서울특별시,종로구,동작구,33,15,18
202301,서울특별시,서울특별시,종로구,관악구,26,14,12
202302,서울특별시,서울특별시,종로구,관악구,58,30,28
202303,서울특별시,서울특별시,종로구,관악구,43,15,28
202301,서울특별시,서울특별시,종로구,서초구,31,17,14
202302,서울특별시,서울특별시,종로구,서초구,42,25,17
202303,서울특별시,서울특별시,종로구,서초구,18,12,6
202301,서울특별시,서울특별시,종로구,강남구,54,25,29
202302,서울특별시,서울특별시,종로구,강남구,59,25,34
202303,서울특별시,서울특별시,종로구,강남구,42,22,20
202301,서울특별시,서울특별시,종로구,송파구,28,11,17
202302,서울특별시,서울특별시,종로구,송파구,55,28,27
202303,서울특별시,서울특별시,종로구,송파구,34,21,13
202301,서울특별시,서울특별시,종로구,강동구,10,4,6
202302,서울특별시,서울특별시,종로구,강동구,33,18,15
202303,서울특별시,서울특별시,종로구,강동구,11,7,4
202301,서울특별시,서울특별시,용산구,중구,34,22,12
202302,서울특별시,서울특별시,용산구,중구,54,31,23
202303,서울특별시,서울특별시,용산구,중구,60,38,22
202301,서울특별시,서울특별시,용산구,종로구,33,18,15
202302,서울특별시,서울특별시,용산구,종로구,44,24,20
202303,서울특별시,서울특별시,용산구,종로구,34,22,12
202301,서울특별시,서울특별시,용산구,용산구,332,170,162
202302,서울특별시,서울특별시,용산구,용산구,413,190,223
202303,서울특별시,서울특별시,용산구,용산구,431,213,218
202301,서울특별시,서울특별시,용산구,성동구,46,25,21
202302,서울특별시,서울특별시,용산구,성동구,47,26,21
202303,서울특별시,서울특별시,용산구,성동구,69,31,38
202301,서울특별시,서울특별시,용산구,광진구,24,14,10
202302,서울특별시,서울특별시,용산구,광진구,39,21,18
202303,서울특별시,서울특별시,용산구,광진구,31,14,17
202301,서울특별시,서울특별시,용산구,동대문구,29,20,9
202302,서울특별시,서울특별시,용산구,동대문구,43,24,19
202303,서울특별시,서울특별시,용산구,동대문구,26,14,12
202301,서울특별시,서울특별시,용산구,중랑구,15,8,7
202302,서울특별시,서울특별시,용산구,중랑구,12,10,2
202303,서울특별시,서울특별시,용산구,중랑구,6,3,3
202301,서울특별시,서울특별시,용산구,성북구,55,19,36
202302,서울특별시,서울특별시,용산구,성북구,56,29,27
202303,서울특별시,서울특별시,용산구,성북구,45,26,19
202301,서울특별시,서울특별시,용산구,강북구,13,4,9
202302,서울특별시,서울특별시,용산구,강북구,17,10,7
202303,서울특별시,서울특별시,용산구,강북구,16,8,8
202301,서울특별시,서울특별시,용산구,도봉구,16,7,9
202302,서울특별시,서울특별시,용산구,도봉구,12,4,8
202303,서울특별시,서울특별시,용산구,도봉구,10,3,7
202301,서울특별시,서울특별시,용산구,노원구,22,13,9
202302,서울특별시,서울특별시,용산구,노원구,33,16,17
202303,서울특별시,서울특별시,용산구,노원구,19,8,11
202301,서울특별시,서울특별시,용산구,은평구,29,18,11
202302,서울특별시,서울특별시,용산구,은평구,55,29,26
202303,서울특별시,서울특별시,용산구,은평구,39,19,20
202301,서울특별시,서울특별시,용산구,서대문구,47,22,25
202302,서울특별시,서울특별시,용산구,서대문구,75,41,34
202303,서울특별시,서울특별시,용산구,서대문구,50,23,27
202301,서울특별시,서울특별시,용산구,마포구,93,46,47
202302,서울특별시,서울특별시,용산구,마포구,162,82,80
202303,서울특별시,서울특별시,용산구,마포구,143,73,70
202301,서울특별시,서울특별시,용산구,양천구,24,12,12
202302,서울특별시,서울특별시,용산구,양천구,39,18,21
202303,서울특별시,서울특별시,용산구,양천구,31,14,17
202301,서울특별시,서울특별시,용산구,강서구,51,25,26
202302,서울특별시,서울특별시,용산구,강서구,56,33,23
202303,서울특별시,서울특별시,용산구,강서구,46,20,26
202301,서울특별시,서울특별시,용산구,구로구,19,7,12
202302,서울특별시,서울특별시,용산구,구로구,22,8,14
202303,서울특별시,서울특별시,용산구,구로구,15,6,9
202301,서울특별시,서울특별시,용산구,금천구,14,6,8
202302,서울특별시,서울특별시,용산구,금천구,8,4,4
202303,서울특별시,서울특별시,용산구,금천구,15,7,8
202301,서울특별시,서울특별시,용산구,영등포구,42,18,24
202302,서울특별시,서울특별시,용산구,영등포구,60,32,28
202303,서울특별시,서울특별시,용산구,영등포구,57,26,31
202301,서울특별시,서울특별시,용산구,동작구,61,28,33
202302,서울특별시,서울특별시,용산구,동작구,65,31,34
202303,서울특별시,서울특별시,용산구,동작구,60,28,32
202301,서울특별시,서울특별시,용산구,관악구,38,21,17
202302,서울특별시,서울특별시,용산구,관악구,89,41,48
202303,서울특별시,서울특별시,용산구,관악구,72,43,29
202301,서울특별시,서울특별시,용산구,서초구,73,36,37
202302,서울특별시,서울특별시,용산구,서초구,73,30,43
202303,서울특별시,서울특별시,용산구,서초구,122,58,64
202301,서울특별시,서울특별시,용산구,강남구,74,33,41
202302,서울특별시,서울특별시,용산구,강남구,140,70,70
202303,서울특별시,서울특별시,용산구,강남구,100,50,50
202301,서울특별시,서울특별시,용산구,송파구,30,16,14
202302,서울특별시,서울특별시,용산구,송파구,32,21,11
202303,서울특별시,서울특별시,용산구,송파구,70,35,35
202301,서울특별시,서울특별시,용산구,강동구,19,10,9
202302,서울특별시,서울특별시,용산구,강동구,24,11,13
202303,서울특별시,서울특별시,용산구,강동구,19,11,8
202301,서울특별시,서울특별시,성동구,중구,55,21,34
202302,서울특별시,서울특별시,성동구,중구,69,34,35
202303,서울특별시,서울특별시,성동구,중구,92,50,42
202301,서울특별시,서울특별시,성동구,종로구,36,19,17
202302,서울특별시,서울특별시,성동구,종로구,39,24,15
202303,서울특별시,서울특별시,성동구,종로구,34,13,21
202301,서울특별시,서울특별시,성동구,용산구,47,24,23
202302,서울특별시,서울특별시,성동구,용산구,52,27,25
202303,서울특별시,서울특별시,성동구,용산구,80,33,47
202301,서울특별시,서울특별시,성동구,성동구,442,220,222
202302,서울특별시,서울특별시,성동구,성동구,581,267,314
202303,서울특별시,서울특별시,성동구,성동구,658,316,342
202301,서울특별시,서울특별시,성동구,광진구,109,52,57
202302,서울특별시,서울특별시,성동구,광진구,155,66,89
202303,서울특별시,서울특별시,성동구,광진구,133,59,74
202301,서울특별시,서울특별시,성동구,동대문구,99,47,52
202302,서울특별시,서울특별시,성동구,동대문구,140,68,72
202303,서울특별시,서울특별시,성동구,동대문구,136,72,64
202301,서울특별시,서울특별시,성동구,중랑구,25,7,18
202302,서울특별시,서울특별시,성동구,중랑구,50,29,21
202303,서울특별시,서울특별시,성동구,중랑구,54,26,28
202301,서울특별시,서울특별시,성동구,성북구,62,29,33
202302,서울특별시,서울특별시,성동구,성북구,98,45,53
202303,서울특별시,서울특별시,성동구,성북구,78,33,45
202301,서울특별시,서울특별시,성동구,강북구,18,11,7
202302,서울특별시,서울특별시,성동구,강북구,24,14,10
202303,서울특별시,서울특별시,성동구,강북구,30,15,15
202301,서울특별시,서울특별시,성동구,도봉구,9,5,4
202302,서울특별시,서울특별시,성동구,도봉구,21,12,9
202303,서울특별시,서울특별시,성동구,도봉구,25,16,9
202301,서울특별시,서울특별시,성동구,노원구,36,18,18
202302,서울특별시,서울특별시,성동구,노원구,57,31,26
202303,서울특별시,서울특별시,성동구,노원구,38,18,20
202301,서울특별시,서울특별시,성동구,은평구,17,10,7
202302,서울특별시,서울특별시,성동구,은평구,49,31,18
202303,서울특별시,서울특별시,성동구,은평구,36,20,16
202301,서울특별시,서울특별시,성동구,서대문구,32,17,15
202302,서울특별시,서울특별시,성동구,서대문구,47,21,26
202303,서울특별시,서울특별시,성동구,서대문구,50,22,28
202301,서울특별시,서울특별시,성동구,마포구,41,21,20
202302,서울특별시,서울특별시,성동구,마포구,69,27,42
202303,서울특별시,서울특별시,성동구,마포구,57,28,29
202301,서울특별시,서울특별시,성동구,양천구,22,13,9
202302,서울특별시,서울특별시,성동구,양천구,53,27,26
202303,서울특별시,서울특별시,성동구,양천구,22,13,9
202301,서울특별시,서울특별시,성동구,강서구,32,14,18
202302,서울특별시,서울특별시,성동구,강서구,46,30,16
202303,서울특별시,서울특별시,성동구,강서구,41,19,22
202301,서울특별시,서울특별시,성동구,구로구,18,8,10
202302,서울특별시,서울특별시,성동구,구로구,26,12,14
202303,서울특별시,서울특별시,성동구,구로구,23,11,12
202301,서울특별시,서울특별시,성동구,금천구,11,5,6
202302,서울특별시,서울특별시,성동구,금천구,10,5,5
202303,서울특별시,서울특별시,성동구,금천구,8,3,5
202301,서울특별시,서울특별시,성동구,영등포구,25,13,12
202302,서울특별시,서울특별시,성동구,영등포구,46,18,28
202303,서울특별시,서울특별시,성동구,영등포구,62,30,32
202301,서울특별시,서울특별시,성동구,동작구,37,23,14
202302,서울특별시,서울특별시,성동구,동작구,62,29,33
202303,서울특별시,서울특별시,성동구,동작구,40,17,23
202301,서울특별시,서울특별시,성동구,관악구,63,30,33
202302,서울특별시,서울특별시,성동구,관악구,75,42,33
202303,서울특별시,서울특별시,성동구,관악구,61,31,30
202301,서울특별시,서울특별시,성동구,서초구,54,28,26
202302,서울특별시,서울특별시,성동구,서초구,91,45,46
202303,서울특별시,서울특별시,성동구,서초구,68,37,31
202301,서울특별시,서울특별시,성동구,강남구,187,83,104
202302,서울특별시,서울특별시,성동구,강남구,211,104,107
202303,서울특별시,서울특별시,성동구,강남구,212,101,111
202301,서울특별시,서울특별시,성동구,송파구,92,43,49
202302,서울특별시,서울특별시,성동구,송파구,144,72,72
202303,서울특별시,서울특별시,성동구,송파구,132,64,68
202301,서울특별시,서울특별시,성동구,강동구,29,13,16
202302,서울특별시,서울특별시,성동구,강동구,47,24,23
202303,서울특별시,서울특별시,성동구,강동구,40,18,22
202301,서울특별시,서울특별시,광진구,중구,22,14,8
202302,서울특별시,서울특별시,광진구,중구,26,13,13
202303,서울특별시,서울특별시,광진구,중구,35,19,16
202301,서울특별시,서울특별시,광진구,종로구,11,5,6
202302,서울특별시,서울특별시,광진구,종로구,21,7,14
202303,서울특별시,서울특별시,광진구,종로구,25,11,14
202301,서울특별시,서울특별시,광진구,용산구,36,16,20
202302,서울특별시,서울특별시,광진구,용산구,16,10,6
202303,서울특별시,서울특별시,광진구,용산구,30,12,18
202301,서울특별시,서울특별시,광진구,성동구,147,75,72
202302,서울특별시,서울특별시,광진구,성동구,164,79,85
202303,서울특별시,서울특별시,광진구,성동구,243,130,113
202301,서울특별시,서울특별시,광진구,광진구,617,300,317
202302,서울특별시,서울특별시,광진구,광진구,920,444,476
202303,서울특별시,서울특별시,광진구,광진구,1075,503,572
202301,서울특별시,서울특별시,광진구,동대문구,77,40,37
202302,서울특별시,서울특별시,광진구,동대문구,92,39,53
202303,서울특별시,서울특별시,광진구,동대문구,74,33,41
202301,서울특별시,서울특별시,광진구,중랑구,81,34,47
202302,서울특별시,서울특별시,광진구,중랑구,123,67,56
202303,서울특별시,서울특별시,광진구,중랑구,137,54,83
202301,서울특별시,서울특별시,광진구,성북구,48,25,23
202302,서울특별시,서울특별시,광진구,성북구,82,29,53
202303,서울특별시,서울특별시,광진구,성북구,54,25,29
202301,서울특별시,서울특별시,광진구,강북구,15,11,4
202302,서울특별시,서울특별시,광진구,강북구,23,10,13
202303,서울특별시,서울특별시,광진구,강북구,33,16,17
202301,서울특별시,서울특별시,광진구,도봉구,30,13,17
202302,서울특별시,서울특별시,광진구,도봉구,28,14,14
202303,서울특별시,서울특별시,광진구,도봉구,43,27,16
202301,서울특별시,서울특별시,광진구,노원구,53,24,29
202302,서울특별시,서울특별시,광진구,노원구,66,33,33
202303,서울특별시,서울특별시,광진구,노원구,76,40,36
202301,서울특별시,서울특별시,광진구,은평구,29,17,12
202302,서울특별시,서울특별시,광진구,은평구,29,15,14
202303,서울특별시,서울특별시,광진구,은평구,39,17,22
202301,서울특별시,서울특별시,광진구,서대문구,20,5,15
202302,서울특별시,서울특별시,광진구,서대문구,31,10,21
202303,서울특별시,서울특별시,광진구,서대문구,17,10,7
202301,서울특별시,서울특별시,광진구,마포구,55,24,31
202302,서울특별시,서울특별시,광진구,마포구,48,25,23
202303,서울특별시,서울특별시,광진구,마포구,41,13,28
202301,서울특별시,서울특별시,광진구,양천구,13,7,6
202302,서울특별시,서울특별시,광진구,양천구,35,17,18
202303,서울특별시,서울특별시,광진구,양천구,40,22,18
202301,서울특별시,서울특별시,광진구,강서구,27,20,7
202302,서울특별시,서울특별시,광진구,강서구,33,15,18
202303,서울특별시,서울특별시,광진구,강서구,35,16,19
202301,서울특별시,서울특별시,광진구,구로구,15,7,8
202302,서울특별시,서울특별시,광진구,구로구,27,15,12
202303,서울특별시,서울특별시,광진구,구로구,36,21,15
202301,서울특별시,서울특별시,광진구,금천구,8,5,3
202302,서울특별시,서울특별시,광진구,금천구,18,9,9
202303,서울특별시,서울특별시,광진구,금천구,16,7,9
202301,서울특별시,서울특별시,광진구,영등포구,30,16,14
202302,서울특별시,서울특별시,광진구,영등포구,41,18,23
202303,서울특별시,서울특별시,광진구,영등포구,54,28,26
202301,서울특별시,서울특별시,광진구,동작구,51,22,29
202302,서울특별시,서울특별시,광진구,동작구,65,32,33
202303,서울특별시,서울특별시,광진구,동작구,65,32,33
202301,서울특별시,서울특별시,광진구,관악구,98,44,54
202302,서울특별시,서울특별시,광진구,관악구,98,51,47
202303,서울특별시,서울특별시,광진구,관악구,109,43,66
202301,서울특별시,서울특별시,광진구,서초구,38,20,18
202302,서울특별시,서울특별시,광진구,서초구,63,30,33
202303,서울특별시,서울특별시,광진구,서초구,33,16,17
202301,서울특별시,서울특별시,광진구,강남구,111,53,58
202302,서울특별시,서울특별시,광진구,강남구,148,72,76
202303,서울특별시,서울특별시,광진구,강남구,121,68,53
202301,서울특별시,서울특별시,광진구,송파구,118,58,60
202302,서울특별시,서울특별시,광진구,송파구,139,69,70
202303,서울특별시,서울특별시,광진구,송파구,126,57,69
202301,서울특별시,서울특별시,광진구,강동구,96,41,55
202302,서울특별시,서울특별시,광진구,강동구,104,55,49
202303,서울특별시,서울특별시,광진구,강동구,127,63,64
202301,서울특별시,서울특별시,동대문구,중구,28,19,9
202302,서울특별시,서울특별시,동대문구,중구,51,24,27
202303,서울특별시,서울특별시,동대문구,중구,49,24,25
202301,서울특별시,서울특별시,동대문구,종로구,61,38,23
202302,서울특별시,서울특별시,동대문구,종로구,69,34,35
202303,서울특별시,서울특별시,동대문구,종로구,86,40,46
202301,서울특별시,서울특별시,동대문구,용산구,17,6,11
202302,서울특별시,서울특별시,동대문구,용산구,56,30,26
202303,서울특별시,서울특별시,동대문구,용산구,42,19,23
202301,서울특별시,서울특별시,동대문구,성동구,171,84,87
202302,서울특별시,서울특별시,동대문구,성동구,231,103,128
202303,서울특별시,서울특별시,동대문구,성동구,229,104,125
202301,서울특별시,서울특별시,동대문구,광진구,73,35,38
202302,서울특별시,서울특별시,동대문구,광진구,151,69,82
202303,서울특별시,서울특별시,동대문구,광진구,97,41,56
202301,서울특별시,서울특별시,동대문구,동대문구,542,271,271
202302,서울특별시,서울특별시,동대문구,동대문구,916,421,495
202303,서울특별시,서울특별시,동대문구,동대문구,864,454,410
202301,서울특별시,서울특별시,동대문구,중랑구,123,65,58
202302,서울특별시,서울특별시,동대문구,중랑구,150,74,76
202303,서울특별시,서울특별시,동대문구,중랑구,138,69,69
202301,서울특별시,서울특별시,동대문구,성북구,181,92,89
202302,서울특별시,서울특별시,동대문구,성북구,255,123,132
202303,서울특별시,서울특별시,동대문구,성북구,230,117,113
202301,서울특별시,서울특별시,동대문구,강북구,32,14,18
202302,서울특별시,서울특별시,동대문구,강북구,59,26,33
202303,서울특별시,서울특별시,동대문구,강북구,47,17,30
202301,서울특별시,서울특별시,동대문구,도봉구,31,16,15
202302,서울특별시,서울특별시,동대문구,도봉구,56,28,28
202303,서울특별시,서울특별시,동대문구,도봉구,54,24,30
202301,서울특별시,서울특별시,동대문구,노원구,67,36,31
202302,서울특별시,서울특별시,동대문구,노원구,103,53,50
202303,서울특별시,서울특별시,동대문구,노원구,89,46,43
202301,서울특별시,서울특별시,동대문구,은평구,32,16,16
202302,서울특별시,서울특별시,동대문구,은평구,39,11,28
202303,서울특별시,서울특별시,동대문구,은평구,65,30,35
202301,서울특별시,서울특별시,동대문구,서대문구,26,10,16
202302,서울특별시,서울특별시,동대문구,서대문구,42,19,23
202303,서울특별시,서울특별시,동대문구,서대문구,28,14,14
202301,서울특별시,서울특별시,동대문구,마포구,40,13,27
202302,서울특별시,서울특별시,동대문구,마포구,69,36,33
202303,서울특별시,서울특별시,동대문구,마포구,43,24,19
202301,서울특별시,서울특별시,동대문구,양천구,18,9,9
202302,서울특별시,서울특별시,동대문구,양천구,53,26,27
202303,서울특별시,서울특별시,동대문구,양천구,45,20,25
202301,서울특별시,서울특별시,동대문구,강서구,26,13,13
202302,서울특별시,서울특별시,동대문구,강서구,65,27,38
202303,서울특별시,서울특별시,동대문구,강서구,43,22,21
202301,서울특별시,서울특별시,동대문구,구로구,15,7,8
202302,서울특별시,서울특별시,동대문구,구로구,40,19,21
202303,서울특별시,서울특별시,동대문구,구로구,25,12,13
202301,서울특별시,서울특별시,동대문구,금천구,7,3,4
202302,서울특별시,서울특별시,동대문구,금천구,18,9,9
202303,서울특별시,서울특별시,동대문구,금천구,17,6,11
202301,서울특별시,서울특별시,동대문구,영등포구,32,17,15
202302,서울특별시,서울특별시,동대문구,영등포구,54,28,26
202303,서울특별시,서울특별시,동대문구,영등포구,76,37,39
202301,서울특별시,서울특별시,동대문구,동작구,44,19,25
202302,서울특별시,서울특별시,동대문구,동작구,98,43,55
202303,서울특별시,서울특별시,동대문구,동작구,56,24,32
202301,서울특별시,서울특별시,동대문구,관악구,42,23,19
202302,서울특별시,서울특별시,동대문구,관악구,85,48,37
202303,서울특별시,서울특별시,동대문구,관악구,81,42,39
202301,서울특별시,서울특별시,동대문구,서초구,32,18,14
202302,서울특별시,서울특별시,동대문구,서초구,68,29,39
202303,서울특별시,서울특별시,동대문구,서초구,52,25,27
202301,서울특별시,서울특별시,동대문구,강남구,57,29,28
202302,서울특별시,서울특별시,동대문구,강남구,138,71,67
202303,서울특별시,서울특별시,동대문구,강남구,77,37,40
202301,서울특별시,서울특별시,동대문구,송파구,75,40,35
202302,서울특별시,서울특별시,동대문구,송파구,94,44,50
202303,서울특별시,서울특별시,동대문구,송파구,102,51,51
202301,서울특별시,서울특별시,동대문구,강동구,55,26,29
202302,서울특별시,서울특별시,동대문구,강동구,71,41,30
202303,서울특별시,서울특별시,동대문구,강동구,74,34,40
202301,서울특별시,서울특별시,중랑구,중구,14,7,7
202302,서울특별시,서울특별시,중랑구,중구,32,17,15
202303,서울특별시,서울특별시,중랑구,중구,19,8,11
202301,서울특별시,서울특별시,중랑구,종로구,10,4,6
202302,서울특별시,서울특별시,중랑구,종로구,16,7,9
202303,서울특별시,서울특별시,중랑구,종로구,29,17,12
202301,서울특별시,서울특별시,중랑구,용산구,14,8,6
202302,서울특별시,서울특별시,중랑구,용산구,22,11,11
202303,서울특별시,서울특별시,중랑구,용산구,20,11,9
202301,서울특별시,서울특별시,중랑구,성동구,54,24,30
202302,서울특별시,서울특별시,중랑구,성동구,101,53,48
202303,서울특별시,서울특별시,중랑구,성동구,81,41,40
202301,서울특별시,서울특별시,중랑구,광진구,155,63,92
202302,서울특별시,서울특별시,중랑구,광진구,218,108,110
202303,서울특별시,서울특별시,중랑구,광진구,265,123,142
202301,서울특별시,서울특별시,중랑구,동대문구,127,63,64
202302,서울특별시,서울특별시,중랑구,동대문구,192,91,101
202303,서울특별시,서울특별시,중랑구,동대문구,218,117,101
202301,서울특별시,서울특별시,중랑구,중랑구,733,363,370
202302,서울특별시,서울특별시,중랑구,중랑구,988,511,477
202303,서울특별시,서울특별시,중랑구,중랑구,1227,604,623
202301,서울특별시,서울특별시,중랑구,성북구,82,30,52
202302,서울특별시,서울특별시,중랑구,성북구,125,54,71
202303,서울특별시,서울특별시,중랑구,성북구,94,44,50
202301,서울특별시,서울특별시,중랑구,강북구,32,12,20
202302,서울특별시,서울특별시,중랑구,강북구,47,20,27
202303,서울특별시,서울특별시,중랑구,강북구,59,31,28
202301,서울특별시,서울특별시,중랑구,도봉구,34,21,13
202302,서울특별시,서울특별시,중랑구,도봉구,58,26,32
202303,서울특별시,서울특별시,중랑구,도봉구,57,26,31
202301,서울특별시,서울특별시,중랑구,노원구,160,61,99
202302,서울특별시,서울특별시,중랑구,노원구,236,110,126
202303,서울특별시,서울특별시,중랑구,노원구,225,100,125
202301,서울특별시,서울특별시,중랑구,은평구,27,15,12
202302,서울특별시,서울특별시,중랑구,은평구,43,21,22
202303,서울특별시,서울특별시,중랑구,은평구,45,21,24
202301,서울특별시,서울특별시,중랑구,서대문구,12,6,6
202302,서울특별시,서울특별시,중랑구,서대문구,25,13,12
202303,서울특별시,서울특별시,중랑구,서대문구,17,10,7
202301,서울특별시,서울특별시,중랑구,마포구,18,7,11
202302,서울특별시,서울특별시,중랑구,마포구,28,14,14
202303,서울특별시,서울특별시,중랑구,마포구,34,16,18
202301,서울특별시,서울특별시,중랑구,양천구,15,6,9
202302,서울특별시,서울특별시,중랑구,양천구,29,17,12
202303,서울특별시,서울특별시,중랑구,양천구,11,3,8
202301,서울특별시,서울특별시,중랑구,강서구,28,17,11
202302,서울특별시,서울특별시,중랑구,강서구,32,13,19
202303,서울특별시,서울특별시,중랑구,강서구,27,12,15
202301,서울특별시,서울특별시,중랑구,구로구,11,3,8
202302,서울특별시,서울특별시,중랑구,구로구,20,12,8
202303,서울특별시,서울특별시,중랑구,구로구,28,13,15
202301,서울특별시,서울특별시,중랑구,금천구,20,9,11
202302,서울특별시,서울특별시,중랑구,금천구,20,10,10
202303,서울특별시,서울특별시,중랑구,금천구,21,11,10
202301,서울특별시,서울특별시,중랑구,영등포구,17,11,6
202302,서울특별시,서울특별시,중랑구,영등포구,26,11,15
202303,서울특별시,서울특별시,중랑구,영등포구,29,11,18
202301,서울특별시,서울특별시,중랑구,동작구,33,11,22
202302,서울특별시,서울특별시,중랑구,동작구,59,26,33
202303,서울특별시,서울특별시,중랑구,동작구,27,12,15
202301,서울특별시,서울특별시,중랑구,관악구,65,33,32
202302,서울특별시,서울특별시,중랑구,관악구,62,31,31
202303,서울특별시,서울특별시,중랑구,관악구,74,36,38
202301,서울특별시,서울특별시,중랑구,서초구,20,10,10
202302,서울특별시,서울특별시,중랑구,서초구,33,16,17
202303,서울특별시,서울특별시,중랑구,서초구,36,16,20
202301,서울특별시,서울특별시,중랑구,강남구,47,26,21
202302,서울특별시,서울특별시,중랑구,강남구,63,30,33
202303,서울특별시,서울특별시,중랑구,강남구,50,24,26
202301,서울특별시,서울특별시,중랑구,송파구,44,24,20
202302,서울특별시,서울특별시,중랑구,송파구,70,34,36
202303,서울특별시,서울특별시,중랑구,송파구,65,36,29
202301,서울특별시,서울특별시,중랑구,강동구,52,21,31
202302,서울특별시,서울특별시,중랑구,강동구,69,35,34
202303,서울특별시,서울특별시,중랑구,강동구,64,32,32
202301,서울특별시,서울특별시,성북구,중구,46,24,22
202302,서울특별시,서울특별시,성북구,중구,58,27,31
202303,서울특별시,서울특별시,성북구,중구,57,26,31
202301,서울특별시,서울특별시,성북구,종로구,107,50,57
202302,서울특별시,서울특별시,성북구,종로구,122,53,69
202303,서울특별시,서울특별시,성북구,종로구,127,55,72
202301,서울특별시,서울특별시,성북구,용산구,33,17,16
202302,서울특별시,서울특별시,성북구,용산구,62,32,30
202303,서울특별시,서울특별시,성북구,용산구,71,37,34
202301,서울특별시,서울특별시,성북구,성동구,58,26,32
202302,서울특별시,서울특별시,성북구,성동구,93,52,41
202303,서울특별시,서울특별시,성북구,성동구,82,43,39
202301,서울특별시,서울특별시,성북구,광진구,45,20,25
202302,서울특별시,서울특별시,성북구,광진구,47,19,28
202303,서울특별시,서울특별시,성북구,광진구,51,18,33
202301,서울특별시,서울특별시,성북구,동대문구,168,92,76
202302,서울특별시,서울특별시,성북구,동대문구,231,114,117
202303,서울특별시,서울특별시,성북구,동대문구,217,104,113
202301,서울특별시,서울특별시,성북구,중랑구,42,19,23
202302,서울특별시,서울특별시,성북구,중랑구,81,40,41
202303,서울특별시,서울특별시,성북구,중랑구,70,32,38
202301,서울특별시,서울특별시,성북구,성북구,634,283,351
202302,서울특별시,서울특별시,성북구,성북구,980,463,517
202303,서울특별시,서울특별시,성북구,성북구,989,466,523
202301,서울특별시,서울특별시,성북구,강북구,143,65,78
202302,서울특별시,서울특별시,성북구,강북구,197,92,105
202303,서울특별시,서울특별시,성북구,강북구,209,107,102
202301,서울특별시,서울특별시,성북구,도봉구,69,35,34
202302,서울특별시,서울특별시,성북구,도봉구,93,37,56
202303,서울특별시,서울특별시,성북구,도봉구,109,58,51
202301,서울특별시,서울특별시,성북구,노원구,164,82,82
202302,서울특별시,서울특별시,성북구,노원구,224,113,111
202303,서울특별시,서울특별시,성북구,노원구,204,98,106
202301,서울특별시,서울특별시,성북구,은평구,36,20,16
202302,서울특별시,서울특별시,성북구,은평구,62,25,37
202303,서울특별시,서울특별시,성북구,은평구,56,32,24
202301,서울특별시,서울특별시,성북구,서대문구,58,26,32
202302,서울특별시,서울특별시,성북구,서대문구,68,29,39
202303,서울특별시,서울특별시,성북구,서대문구,55,21,34
202301,서울특별시,서울특별시,성북구,마포구,36,14,22
202302,서울특별시,서울특별시,성북구,마포구,38,17,21
202303,서울특별시,서울특별시,성북구,마포구,46,25,21
202301,서울특별시,서울특별시,성북구,양천구,20,11,9
202302,서울특별시,서울특별시,성북구,양천구,47,22,25
202303,서울특별시,서울특별시,성북구,양천구,36,15,21
202301,서울특별시,서울특별시,성북구,강서구,33,16,17
202302,서울특별시,서울특별시,성북구,강서구,42,24,18
202303,서울특별시,서울특별시,성북구,강서구,33,15,18
202301,서울특별시,서울특별시,성북구,구로구,19,6,13
202302,서울특별시,서울특별시,성북구,구로구,33,19,14
202303,서울특별시,서울특별시,성북구,구로구,26,12,14
202301,서울특별시,서울특별시,성북구,금천구,13,9,4
202302,서울특별시,서울특별시,성북구,금천구,15,8,7
202303,서울특별시,서울특별시,성북구,금천구,22,11,11
202301,서울특별시,서울특별시,성북구,영등포구,46,20,26
202302,서울특별시,서울특별시,성북구,영등포구,35,21,14
202303,서울특별시,서울특별시,성북구,영등포구,72,33,39
202301,서울특별시,서울특별시,성북구,동작구,49,23,26
202302,서울특별시,서울특별시,성북구,동작구,66,28,38
202303,서울특별시,서울특별시,성북구,동작구,67,29,38
202301,서울특별시,서울특별시,성북구,관악구,53,28,25
202302,서울특별시,서울특별시,성북구,관악구,110,59,51
202303,서울특별시,서울특별시,성북구,관악구,64,36,28
202301,서울특별시,서울특별시,성북구,서초구,32,12,20
202302,서울특별시,서울특별시,성북구,서초구,50,26,24
202303,서울특별시,서울특별시,성북구,서초구,37,19,18
202301,서울특별시,서울특별시,성북구,강남구,71,35,36
202302,서울특별시,서울특별시,성북구,강남구,87,42,45
202303,서울특별시,서울특별시,성북구,강남구,73,29,44
202301,서울특별시,서울특별시,성북구,송파구,51,25,26
202302,서울특별시,서울특별시,성북구,송파구,91,46,45
202303,서울특별시,서울특별시,성북구,송파구,89,47,42
202301,서울특별시,서울특별시,성북구,강동구,25,13,12
202302,서울특별시,서울특별시,성북구,강동구,39,19,20
202303,서울특별시,서울특별시,성북구,강동구,39,18,21
202301,서울특별시,서울특별시,강북구,중구,15,7,8
202302,서울특별시,서울특별시,강북구,중구,18,6,12
202303,서울특별시,서울특별시,강북구,중구,25,12,13
202301,서울특별시,서울특별시,강북구,종로구,27,14,13
202302,서울특별시,서울특별시,강북구,종로구,35,13,22
202303,서울특별시,서울특별시,강북구,종로구,36,17,19
202301,서울특별시,서울특별시,강북구,용산구,21,10,11
202302,서울특별시,서울특별시,강북구,용산구,11,4,7
202303,서울특별시,서울특별시,강북구,용산구,21,10,11
202301,서울특별시,서울특별시,강북구,성동구,18,8,10
202302,서울특별시,서울특별시,강북구,성동구,30,12,18
202303,서울특별시,서울특별시,강북구,성동구,46,26,20
202301,서울특별시,서울특별시,강북구,광진구,34,16,18
202302,서울특별시,서울특별시,강북구,광진구,37,12,25
202303,서울특별시,서울특별시,강북구,광진구,13,9,4
202301,서울특별시,서울특별시,강북구,동대문구,49,19,30
202302,서울특별시,서울특별시,강북구,동대문구,58,30,28
202303,서울특별시,서울특별시,강북구,동대문구,58,34,24
202301,서울특별시,서울특별시,강북구,중랑구,18,10,8
202302,서울특별시,서울특별시,강북구,중랑구,29,17,12
202303,서울특별시,서울특별시,강북구,중랑구,58,31,27
202301,서울특별시,서울특별시,강북구,성북구,178,91,87
202302,서울특별시,서울특별시,강북구,성북구,223,115,108
202303,서울특별시,서울특별시,강북구,성북구,259,126,133
202301,서울특별시,서울특별시,강북구,강북구,516,257,259
202302,서울특별시,서울특별시,강북구,강북구,583,287,296
202303,서울특별시,서울특별시,강북구,강북구,678,332,346
202301,서울특별시,서울특별시,강북구,도봉구,133,68,65
202302,서울특별시,서울특별시,강북구,도봉구,181,89,92
202303,서울특별시,서울특별시,강북구,도봉구,203,98,105
202301,서울특별시,서울특별시,강북구,노원구,70,37,33
202302,서울특별시,서울특별시,강북구,노원구,91,43,48
202303,서울특별시,서울특별시,강북구,노원구,72,43,29
202301,서울특별시,서울특별시,강북구,은평구,25,11,14
202302,서울특별시,서울특별시,강북구,은평구,38,18,20
202303,서울특별시,서울특별시,강북구,은평구,37,22,15
202301,서울특별시,서울특별시,강북구,서대문구,17,8,9
202302,서울특별시,서울특별시,강북구,서대문구,26,11,15
202303,서울특별시,서울특별시,강북구,서대문구,23,11,12
202301,서울특별시,서울특별시,강북구,마포구,10,4,6
202302,서울특별시,서울특별시,강북구,마포구,32,14,18
202303,서울특별시,서울특별시,강북구,마포구,13,6,7
202301,서울특별시,서울특별시,강북구,양천구,9,2,7
202302,서울특별시,서울특별시,강북구,양천구,7,3,4
202303,서울특별시,서울특별시,강북구,양천구,22,11,11
202301,서울특별시,서울특별시,강북구,강서구,14,12,2
202302,서울특별시,서울특별시,강북구,강서구,32,15,17
202303,서울특별시,서울특별시,강북구,강서구,28,13,15
202301,서울특별시,서울특별시,강북구,구로구,3,0,3
202302,서울특별시,서울특별시,강북구,구로구,18,9,9
202303,서울특별시,서울특별시,강북구,구로구,16,8,8
202301,서울특별시,서울특별시,강북구,금천구,7,4,3
202302,서울특별시,서울특별시,강북구,금천구,7,3,4
202303,서울특별시,서울특별시,강북구,금천구,8,5,3
202301,서울특별시,서울특별시,강북구,영등포구,15,7,8
202302,서울특별시,서울특별시,강북구,영등포구,15,7,8
202303,서울특별시,서울특별시,강북구,영등포구,9,6,3
202301,서울특별시,서울특별시,강북구,동작구,11,7,4
202302,서울특별시,서울특별시,강북구,동작구,26,8,18
202303,서울특별시,서울특별시,강북구,동작구,17,7,10
202301,서울특별시,서울특별시,강북구,관악구,32,15,17
202302,서울특별시,서울특별시,강북구,관악구,39,18,21
202303,서울특별시,서울특별시,강북구,관악구,35,19,16
202301,서울특별시,서울특별시,강북구,서초구,8,5,3
202302,서울특별시,서울특별시,강북구,서초구,21,13,8
202303,서울특별시,서울특별시,강북구,서초구,9,2,7
202301,서울특별시,서울특별시,강북구,강남구,21,13,8
202302,서울특별시,서울특별시,강북구,강남구,31,14,17
202303,서울특별시,서울특별시,강북구,강남구,22,14,8
202301,서울특별시,서울특별시,강북구,송파구,16,7,9
202302,서울특별시,서울특별시,강북구,송파구,31,17,14
202303,서울특별시,서울특별시,강북구,송파구,21,8,13
202301,서울특별시,서울특별시,강북구,강동구,16,6,10
202302,서울특별시,서울특별시,강북구,강동구,30,18,12
202303,서울특별시,서울특별시,강북구,강동구,28,13,15
202301,서울특별시,서울특별시,도봉구,중구,12,4,8
202302,서울특별시,서울특별시,도봉구,중구,15,8,7
202303,서울특별시,서울특별시,도봉구,중구,13,9,4
202301,서울특별시,서울특별시,도봉구,종로구,11,4,7
202302,서울특별시,서울특별시,도봉구,종로구,17,10,7
202303,서울특별시,서울특별시,도봉구,종로구,22,8,14
202301,서울특별시,서울특별시,도봉구,용산구,12,4,8
202302,서울특별시,서울특별시,도봉구,용산구,15,12,3
202303,서울특별시,서울특별시,도봉구,용산구,16,7,9
202301,서울특별시,서울특별시,도봉구,성동구,22,11,11
202302,서울특별시,서울특별시,도봉구,성동구,33,17,16
202303,서울특별시,서울특별시,도봉구,성동구,13,11,2
202301,서울특별시,서울특별시,도봉구,광진구,13,9,4
202302,서울특별시,서울특별시,도봉구,광진구,27,14,13
202303,서울특별시,서울특별시,도봉구,광진구,28,17,11
202301,서울특별시,서울특별시,도봉구,동대문구,33,13,20
202302,서울특별시,서울특별시,도봉구,동대문구,52,23,29
202303,서울특별시,서울특별시,도봉구,동대문구,52,25,27
202301,서울특별시,서울특별시,도봉구,중랑구,36,21,15
202302,서울특별시,서울특별시,도봉구,중랑구,50,20,30
202303,서울특별시,서울특별시,도봉구,중랑구,50,25,25
202301,서울특별시,서울특별시,도봉구,성북구,75,38,37
202302,서울특별시,서울특별시,도봉구,성북구,73,31,42
202303,서울특별시,서울특별시,도봉구,성북구,109,52,57
202301,서울특별시,서울특별시,도봉구,강북구,163,81,82
202302,서울특별시,서울특별시,도봉구,강북구,226,117,109
202303,서울특별시,서울특별시,도봉구,강북구,236,130,106
202301,서울특별시,서울특별시,도봉구,도봉구,406,200,206
202302,서울특별시,서울특별시,도봉구,도봉구,492,215,277
202303,서울특별시,서울특별시,도봉구,도봉구,664,348,316
202301,서울특별시,서울특별시,도봉구,노원구,140,68,72
202302,서울특별시,서울특별시,도봉구,노원구,191,105,86
202303,서울특별시,서울특별시,도봉구,노원구,200,110,90
202301,서울특별시,서울특별시,도봉구,은평구,25,11,14
202302,서울특별시,서울특별시,도봉구,은평구,17,8,9
202303,서울특별시,서울특별시,도봉구,은평구,28,15,13
202301,서울특별시,서울특별시,도봉구,서대문구,7,2,5
202302,서울특별시,서울특별시,도봉구,서대문구,20,8,12
202303,서울특별시,서울특별시,도봉구,서대문구,21,7,14
202301,서울특별시,서울특별시,도봉구,마포구,14,5,9
202302,서울특별시,서울특별시,도봉구,마포구,22,11,11
202303,서울특별시,서울특별시,도봉구,마포구,11,5,6
202301,서울특별시,서울특별시,도봉구,양천구,9,3,6
202302,서울특별시,서울특별시,도봉구,양천구,21,9,12
202303,서울특별시,서울특별시,도봉구,양천구,10,4,6
202301,서울특별시,서울특별시,도봉구,강서구,22,10,12
202302,서울특별시,서울특별시,도봉구,강서구,24,11,13
202303,서울특별시,서울특별시,도봉구,강서구,17,9,8
202301,서울특별시,서울특별시,도봉구,구로구,14,7,7
202302,서울특별시,서울특별시,도봉구,구로구,12,5,7
202303,서울특별시,서울특별시,도봉구,구로구,15,9,6
202301,서울특별시,서울특별시,도봉구,금천구,10,5,5
202302,서울특별시,서울특별시,도봉구,금천구,7,3,4
202303,서울특별시,서울특별시,도봉구,금천구,11,6,5
202301,서울특별시,서울특별시,도봉구,영등포구,14,4,10
202302,서울특별시,서울특별시,도봉구,영등포구,14,6,8
202303,서울특별시,서울특별시,도봉구,영등포구,19,12,7
202301,서울특별시,서울특별시,도봉구,동작구,10,4,6
202302,서울특별시,서울특별시,도봉구,동작구,22,12,10
202303,서울특별시,서울특별시,도봉구,동작구,28,13,15
202301,서울특별시,서울특별시,도봉구,관악구,23,10,13
202302,서울특별시,서울특별시,도봉구,관악구,33,16,17
202303,서울특별시,서울특별시,도봉구,관악구,33,15,18
202301,서울특별시,서울특별시,도봉구,서초구,17,11,6
202302,서울특별시,서울특별시,도봉구,서초구,25,11,14
202303,서울특별시,서울특별시,도봉구,서초구,8,5,3
202301,서울특별시,서울특별시,도봉구,강남구,12,6,6
202302,서울특별시,서울특별시,도봉구,강남구,27,14,13
202303,서울특별시,서울특별시,도봉구,강남구,24,7,17
202301,서울특별시,서울특별시,도봉구,송파구,20,10,10
202302,서울특별시,서울특별시,도봉구,송파구,24,13,11
202303,서울특별시,서울특별시,도봉구,송파구,22,10,12
202301,서울특별시,서울특별시,도봉구,강동구,17,9,8
202302,서울특별시,서울특별시,도봉구,강동구,30,14,16
202303,서울특별시,서울특별시,도봉구,강동구,12,7,5
202301,서울특별시,서울특별시,노원구,중구,9,2,7
202302,서울특별시,서울특별시,노원구,중구,20,10,10
202303,서울특별시,서울특별시,노원구,중구,33,16,17
202301,서울특별시,서울특별시,노원구,종로구,23,9,14
202302,서울특별시,서울특별시,노원구,종로구,32,18,14
202303,서울특별시,서울특별시,노원구,종로구,24,9,15
202301,서울특별시,서울특별시,노원구,용산구,21,13,8
202302,서울특별시,서울특별시,노원구,용산구,38,26,12
202303,서울특별시,서울특별시,노원구,용산구,21,16,5
202301,서울특별시,서울특별시,노원구,성동구,26,17,9
202302,서울특별시,서울특별시,노원구,성동구,76,31,45
202303,서울특별시,서울특별시,노원구,성동구,60,28,32
202301,서울특별시,서울특별시,노원구,광진구,50,21,29
202302,서울특별시,서울특별시,노원구,광진구,91,47,44
202303,서울특별시,서울특별시,노원구,광진구,69,35,34
202301,서울특별시,서울특별시,노원구,동대문구,95,49,46
202302,서울특별시,서울특별시,노원구,동대문구,98,44,54
202303,서울특별시,서울특별시,노원구,동대문구,104,49,55
202301,서울특별시,서울특별시,노원구,중랑구,147,80,67
202302,서울특별시,서울특별시,노원구,중랑구,203,107,96
202303,서울특별시,서울특별시,노원구,중랑구,185,91,94
202301,서울특별시,서울특별시,노원구,성북구,165,84,81
202302,서울특별시,서울특별시,노원구,성북구,222,122,100
202303,서울특별시,서울특별시,노원구,성북구,161,88,73
202301,서울특별시,서울특별시,노원구,강북구,80,43,37
202302,서울특별시,서울특별시,노원구,강북구,109,50,59
202303,서울특별시,서울특별시,노원구,강북구,121,59,62
202301,서울특별시,서울특별시,노원구,도봉구,174,89,85
202302,서울특별시,서울특별시,노원구,도봉구,199,89,110
202303,서울특별시,서울특별시,노원구,도봉구,176,85,91
202301,서울특별시,서울특별시,노원구,노원구,842,397,445
202302,서울특별시,서울특별시,노원구,노원구,1303,597,706
202303,서울특별시,서울특별시,노원구,노원구,1226,573,653
202301,서울특별시,서울특별시,노원구,은평구,23,10,13
202302,서울특별시,서울특별시,노원구,은평구,71,34,37
202303,서울특별시,서울특별시,노원구,은평구,34,15,19
202301,서울특별시,서울특별시,노원구,서대문구,21,10,11
202302,서울특별시,서울특별시,노원구,서대문구,29,13,16
202303,서울특별시,서울특별시,노원구,서대문구,24,13,11
202301,서울특별시,서울특별시,노원구,마포구,40,19,21
202302,서울특별시,서울특별시,노원구,마포구,31,9,22
202303,서울특별시,서울특별시,노원구,마포구,43,20,23
202301,서울특별시,서울특별시,노원구,양천구,4,1,3
202302,서울특별시,서울특별시,노원구,양천구,36,24,12
202303,서울특별시,서울특별시,노원구,양천구,33,19,14
202301,서울특별시,서울특별시,노원구,강서구,31,14,17
202302,서울특별시,서울특별시,노원구,강서구,26,13,13
202303,서울특별시,서울특별시,노원구,강서구,41,16,25
202301,서울특별시,서울특별시,노원구,구로구,20,8,12
202302,서울특별시,서울특별시,노원구,구로구,25,10,15
202303,서울특별시,서울특별시,노원구,구로구,19,13,6
202301,서울특별시,서울특별시,노원구,금천구,9,4,5
202302,서울특별시,서울특별시,노원구,금천구,24,11,13
202303,서울특별시,서울특별시,노원구,금천구,13,6,7
202301,서울특별시,서울특별시,노원구,영등포구,18,8,10
202302,서울특별시,서울특별시,노원구,영등포구,36,21,15
202303,서울특별시,서울특별시,노원구,영등포구,30,10,20
202301,서울특별시,서울특별시,노원구,동작구,21,10,11
202302,서울특별시,서울특별시,노원구,동작구,45,18,27
202303,서울특별시,서울특별시,노원구,동작구,49,23,26
202301,서울특별시,서울특별시,노원구,관악구,47,24,23
202302,서울특별시,서울특별시,노원구,관악구,49,28,21
202303,서울특별시,서울특별시,노원구,관악구,60,28,32
202301,서울특별시,서울특별시,노원구,서초구,37,20,17
202302,서울특별시,서울특별시,노원구,서초구,59,32,27
202303,서울특별시,서울특별시,노원구,서초구,33,20,13
202301,서울특별시,서울특별시,노원구,강남구,39,24,15
202302,서울특별시,서울특별시,노원구,강남구,70,37,33
202303,서울특별시,서울특별시,노원구,강남구,51,26,25
202301,서울특별시,서울특별시,노원구,송파구,61,31,30
202302,서울특별시,서울특별시,노원구,송파구,66,30,36
202303,서울특별시,서울특별시,노원구,송파구,73,37,36
202301,서울특별시,서울특별시,노원구,강동구,24,9,15
202302,서울특별시,서울특별시,노원구,강동구,53,27,26
202303,서울특별시,서울특별시,노원구,강동구,45,16,29
202301,서울특별시,서울특별시,은평구,중구,51,30,21
202302,서울특별시,서울특별시,은평구,중구,17,7,10
202303,서울특별시,서울특별시,은평구,중구,19,10,9
202301,서울특별시,서울특별시,은평구,종로구,78,39,39
202302,서울특별시,서울특별시,은평구,종로구,58,23,35
202303,서울특별시,서울특별시,은평구,종로구,74,38,36
202301,서울특별시,서울특별시,은평구,용산구,41,21,20
202302,서울특별시,서울특별시,은평구,용산구,48,26,22
202303,서울특별시,서울특별시,은평구,용산구,46,19,27
202301,서울특별시,서울특별시,은평구,성동구,30,16,14
202302,서울특별시,서울특별시,은평구,성동구,51,13,38
202303,서울특별시,서울특별시,은평구,성동구,28,13,15
202301,서울특별시,서울특별시,은평구,광진구,38,21,17
202302,서울특별시,서울특별시,은평구,광진구,40,16,24
202303,서울특별시,서울특별시,은평구,광진구,33,14,19
202301,서울특별시,서울특별시,은평구,동대문구,36,17,19
202302,서울특별시,서울특별시,은평구,동대문구,59,25,34
202303,서울특별시,서울특별시,은평구,동대문구,40,21,19
202301,서울특별시,서울특별시,은평구,중랑구,19,9,10
202302,서울특별시,서울특별시,은평구,중랑구,32,11,21
202303,서울특별시,서울특별시,은평구,중랑구,30,17,13
202301,서울특별시,서울특별시,은평구,성북구,81,37,44
202302,서울특별시,서울특별시,은평구,성북구,88,32,56
202303,서울특별시,서울특별시,은평구,성북구,56,24,32
202301,서울특별시,서울특별시,은평구,강북구,32,16,16
202302,서울특별시,서울특별시,은평구,강북구,40,15,25
202303,서울특별시,서울특별시,은평구,강북구,40,16,24
202301,서울특별시,서울특별시,은평구,도봉구,35,16,19
202302,서울특별시,서울특별시,은평구,도봉구,21,6,15
202303,서울특별시,서울특별시,은평구,도봉구,33,15,18
202301,서울특별시,서울특별시,은평구,노원구,31,17,14
202302,서울특별시,서울특별시,은평구,노원구,37,16,21
202303,서울특별시,서울특별시,은평구,노원구,40,20,20
202301,서울특별시,서울특별시,은평구,은평구,1404,653,751
202302,서울특별시,서울특별시,은평구,은평구,1675,797,878
202303,서울특별시,서울특별시,은평구,은평구,1395,655,740
202301,서울특별시,서울특별시,은평구,서대문구,218,96,122
202302,서울특별시,서울특별시,은평구,서대문구,278,126,152
202303,서울특별시,서울특별시,은평구,서대문구,203,90,113
202301,서울특별시,서울특별시,은평구,마포구,157,67,90
202302,서울특별시,서울특별시,은평구,마포구,179,76,103
202303,서울특별시,서울특별시,은평구,마포구,195,96,99
202301,서울특별시,서울특별시,은평구,양천구,36,18,18
202302,서울특별시,서울특별시,은평구,양천구,50,17,33
202303,서울특별시,서울특별시,은평구,양천구,28,17,11
202301,서울특별시,서울특별시,은평구,강서구,82,37,45
202302,서울특별시,서울특별시,은평구,강서구,91,45,46
202303,서울특별시,서울특별시,은평구,강서구,75,38,37
202301,서울특별시,서울특별시,은평구,구로구,38,17,21
202302,서울특별시,서울특별시,은평구,구로구,28,10,18
202303,서울특별시,서울특별시,은평구,구로구,31,14,17
202301,서울특별시,서울특별시,은평구,금천구,12,6,6
202302,서울특별시,서울특별시,은평구,금천구,23,14,9
202303,서울특별시,서울특별시,은평구,금천구,23,13,10
202301,서울특별시,서울특별시,은평구,영등포구,62,31,31
202302,서울특별시,서울특별시,은평구,영등포구,75,27,48
202303,서울특별시,서울특별시,은평구,영등포구,62,26,36
202301,서울특별시,서울특별시,은평구,동작구,51,17,34
202302,서울특별시,서울특별시,은평구,동작구,78,32,46
202303,서울특별시,서울특별시,은평구,동작구,47,20,27
202301,서울특별시,서울특별시,은평구,관악구,91,47,44
202302,서울특별시,서울특별시,은평구,관악구,109,52,57
202303,서울특별시,서울특별시,은평구,관악구,73,31,42
202301,서울특별시,서울특별시,은평구,서초구,25,10,15
202302,서울특별시,서울특별시,은평구,서초구,36,15,21
202303,서울특별시,서울특별시,은평구,서초구,51,23,28
202301,서울특별시,서울특별시,은평구,강남구,45,24,21
202302,서울특별시,서울특별시,은평구,강남구,50,24,26
202303,서울특별시,서울특별시,은평구,강남구,40,21,19
202301,서울특별시,서울특별시,은평구,송파구,30,12,18
202302,서울특별시,서울특별시,은평구,송파구,53,32,21
202303,서울특별시,서울특별시,은평구,송파구,41,20,21
202301,서울특별시,서울특별시,은평구,강동구,28,10,18
202302,서울특별시,서울특별시,은평구,강동구,42,25,17
202303,서울특별시,서울특별시,은평구,강동구,32,19,13
202301,서울특별시,서울특별시,서대문구,중구,46,29,17
202302,서울특별시,서울특별시,서대문구,중구,41,16,25
202303,서울특별시,서울특별시,서대문구,중구,43,23,20
202301,서울특별시,서울특별시,서대문구,종로구,84,41,43
202302,서울특별시,서울특별시,서대문구,종로구,138,57,81
202303,서울특별시,서울특별시,서대문구,종로구,105,46,59
202301,서울특별시,서울특별시,서대문구,용산구,82,42,40
202302,서울특별시,서울특별시,서대문구,용산구,99,41,58
202303,서울특별시,서울특별시,서대문구,용산구,59,29,30
202301,서울특별시,서울특별시,서대문구,성동구,61,31,30
202302,서울특별시,서울특별시,서대문구,성동구,72,31,41
202303,서울특별시,서울특별시,서대문구,성동구,52,31,21
202301,서울특별시,서울특별시,서대문구,광진구,79,42,37
202302,서울특별시,서울특별시,서대문구,광진구,61,30,31
202303,서울특별시,서울특별시,서대문구,광진구,32,15,17
202301,서울특별시,서울특별시,서대문구,동대문구,61,33,28
202302,서울특별시,서울특별시,서대문구,동대문구,77,41,36
202303,서울특별시,서울특별시,서대문구,동대문구,46,23,23
202301,서울특별시,서울특별시,서대문구,중랑구,42,16,26
202302,서울특별시,서울특별시,서대문구,중랑구,30,16,14
202303,서울특별시,서울특별시,서대문구,중랑구,24,15,9
202301,서울특별시,서울특별시,서대문구,성북구,99,49,50
202302,서울특별시,서울특별시,서대문구,성북구,89,42,47
202303,서울특별시,서울특별시,서대문구,성북구,70,33,37
202301,서울특별시,서울특별시,서대문구,강북구,38,20,18
202302,서울특별시,서울특별시,서대문구,강북구,19,6,13
202303,서울특별시,서울특별시,서대문구,강북구,20,9,11
202301,서울특별시,서울특별시,서대문구,도봉구,36,15,21
202302,서울특별시,서울특별시,서대문구,도봉구,45,24,21
202303,서울특별시,서울특별시,서대문구,도봉구,23,9,14
202301,서울특별시,서울특별시,서대문구,노원구,76,40,36
202302,서울특별시,서울특별시,서대문구,노원구,70,32,38
202303,서울특별시,서울특별시,서대문구,노원구,30,16,14
202301,서울특별시,서울특별시,서대문구,은평구,387,192,195
202302,서울특별시,서울특별시,서대문구,은평구,329,149,180
202303,서울특별시,서울특별시,서대문구,은평구,266,125,141
202301,서울특별시,서울특별시,서대문구,서대문구,630,316,314
202302,서울특별시,서울특별시,서대문구,서대문구,701,307,394
202303,서울특별시,서울특별시,서대문구,서대문구,627,309,318
202301,서울특별시,서울특별시,서대문구,마포구,282,139,143
202302,서울특별시,서울특별시,서대문구,마포구,325,152,173
202303,서울특별시,서울특별시,서대문구,마포구,297,152,145
202301,서울특별시,서울특별시,서대문구,양천구,65,30,35
202302,서울특별시,서울특별시,서대문구,양천구,89,47,42
202303,서울특별시,서울특별시,서대문구,양천구,60,34,26
202301,서울특별시,서울특별시,서대문구,강서구,96,43,53
202302,서울특별시,서울특별시,서대문구,강서구,105,51,54
202303,서울특별시,서울특별시,서대문구,강서구,79,38,41
202301,서울특별시,서울특별시,서대문구,구로구,69,31,38
202302,서울특별시,서울특별시,서대문구,구로구,61,25,36
202303,서울특별시,서울특별시,서대문구,구로구,53,21,32
202301,서울특별시,서울특별시,서대문구,금천구,29,14,15
202302,서울특별시,서울특별시,서대문구,금천구,15,4,11
202303,서울특별시,서울특별시,서대문구,금천구,17,6,11
202301,서울특별시,서울특별시,서대문구,영등포구,121,49,72
202302,서울특별시,서울특별시,서대문구,영등포구,78,41,37
202303,서울특별시,서울특별시,서대문구,영등포구,91,49,42
202301,서울특별시,서울특별시,서대문구,동작구,85,43,42
202302,서울특별시,서울특별시,서대문구,동작구,98,46,52
202303,서울특별시,서울특별시,서대문구,동작구,60,33,27
202301,서울특별시,서울특별시,서대문구,관악구,95,48,47
202302,서울특별시,서울특별시,서대문구,관악구,95,42,53
202303,서울특별시,서울특별시,서대문구,관악구,57,30,27
202301,서울특별시,서울특별시,서대문구,서초구,51,26,25
202302,서울특별시,서울특별시,서대문구,서초구,85,33,52
202303,서울특별시,서울특별시,서대문구,서초구,48,25,23
202301,서울특별시,서울특별시,서대문구,강남구,67,31,36
202302,서울특별시,서울특별시,서대문구,강남구,106,48,58
202303,서울특별시,서울특별시,서대문구,강남구,90,45,45
202301,서울특별시,서울특별시,서대문구,송파구,71,35,36
202302,서울특별시,서울특별시,서대문구,송파구,115,53,62
202303,서울특별시,서울특별시,서대문구,송파구,48,26,22
202301,서울특별시,서울특별시,서대문구,강동구,46,21,25
202302,서울특별시,서울특별시,서대문구,강동구,24,13,11
202303,서울특별시,서울특별시,서대문구,강동구,32,16,16
202301,서울특별시,서울특별시,마포구,중구,63,29,34
202302,서울특별시,서울특별시,마포구,중구,85,33,52
202303,서울특별시,서울특별시,마포구,중구,61,31,30
202301,서울특별시,서울특별시,마포구,종로구,57,23,34
202302,서울특별시,서울특별시,마포구,종로구,96,45,51
202303,서울특별시,서울특별시,마포구,종로구,67,42,25
202301,서울특별시,서울특별시,마포구,용산구,147,61,86
202302,서울특별시,서울특별시,마포구,용산구,197,89,108
202303,서울특별시,서울특별시,마포구,용산구,188,102,86
202301,서울특별시,서울특별시,마포구,성동구,46,21,25
202302,서울특별시,서울특별시,마포구,성동구,103,53,50
202303,서울특별시,서울특별시,마포구,성동구,42,17,25
202301,서울특별시,서울특별시,마포구,광진구,38,18,20
202302,서울특별시,서울특별시,마포구,광진구,73,36,37
202303,서울특별시,서울특별시,마포구,광진구,51,18,33
202301,서울특별시,서울특별시,마포구,동대문구,48,21,27
202302,서울특별시,서울특별시,마포구,동대문구,91,37,54
202303,서울특별시,서울특별시,마포구,동대문구,63,33,30
202301,서울특별시,서울특별시,마포구,중랑구,15,6,9
202302,서울특별시,서울특별시,마포구,중랑구,28,16,12
202303,서울특별시,서울특별시,마포구,중랑구,30,15,15
202301,서울특별시,서울특별시,마포구,성북구,87,42,45
202302,서울특별시,서울특별시,마포구,성북구,137,51,86
202303,서울특별시,서울특별시,마포구,성북구,82,32,50
202301,서울특별시,서울특별시,마포구,강북구,14,7,7
202302,서울특별시,서울특별시,마포구,강북구,29,14,15
202303,서울특별시,서울특별시,마포구,강북구,20,8,12
202301,서울특별시,서울특별시,마포구,도봉구,25,13,12
202302,서울특별시,서울특별시,마포구,도봉구,29,16,13
202303,서울특별시,서울특별시,마포구,도봉구,17,8,9
202301,서울특별시,서울특별시,마포구,노원구,39,19,20
202302,서울특별시,서울특별시,마포구,노원구,80,38,42
202303,서울특별시,서울특별시,마포구,노원구,47,24,23
202301,서울특별시,서울특별시,마포구,은평구,164,70,94
202302,서울특별시,서울특별시,마포구,은평구,181,77,104
202303,서울특별시,서울특별시,마포구,은평구,156,73,83
202301,서울특별시,서울특별시,마포구,서대문구,319,140,179
202302,서울특별시,서울특별시,마포구,서대문구,427,182,245
202303,서울특별시,서울특별시,마포구,서대문구,302,142,160
202301,서울특별시,서울특별시,마포구,마포구,801,374,427
202302,서울특별시,서울특별시,마포구,마포구,1025,481,544
202303,서울특별시,서울특별시,마포구,마포구,966,466,500
202301,서울특별시,서울특별시,마포구,양천구,80,36,44
202302,서울특별시,서울특별시,마포구,양천구,165,76,89
202303,서울특별시,서울특별시,마포구,양천구,95,49,46
202301,서울특별시,서울특별시,마포구,강서구,81,29,52
202302,서울특별시,서울특별시,마포구,강서구,145,66,79
202303,서울특별시,서울특별시,마포구,강서구,133,61,72
202301,서울특별시,서울특별시,마포구,구로구,54,22,32
202302,서울특별시,서울특별시,마포구,구로구,65,28,37
202303,서울특별시,서울특별시,마포구,구로구,57,22,35
202301,서울특별시,서울특별시,마포구,금천구,32,17,15
202302,서울특별시,서울특별시,마포구,금천구,24,9,15
202303,서울특별시,서울특별시,마포구,금천구,33,18,15
202301,서울특별시,서울특별시,마포구,영등포구,184,92,92
202302,서울특별시,서울특별시,마포구,영등포구,180,86,94
202303,서울특별시,서울특별시,마포구,영등포구,170,82,88
202301,서울특별시,서울특별시,마포구,동작구,63,27,36
202302,서울특별시,서울특별시,마포구,동작구,155,70,85
202303,서울특별시,서울특별시,마포구,동작구,78,32,46
202301,서울특별시,서울특별시,마포구,관악구,102,51,51
202302,서울특별시,서울특별시,마포구,관악구,119,56,63
202303,서울특별시,서울특별시,마포구,관악구,128,66,62
202301,서울특별시,서울특별시,마포구,서초구,80,38,42
202302,서울특별시,서울특별시,마포구,서초구,88,34,54
202303,서울특별시,서울특별시,마포구,서초구,66,34,32
202301,서울특별시,서울특별시,마포구,강남구,97,47,50
202302,서울특별시,서울특별시,마포구,강남구,122,63,59
202303,서울특별시,서울특별시,마포구,강남구,104,51,53
202301,서울특별시,서울특별시,마포구,송파구,94,42,52
202302,서울특별시,서울특별시,마포구,송파구,113,58,55
202303,서울특별시,서울특별시,마포구,송파구,100,40,60
202301,서울특별시,서울특별시,마포구,강동구,44,25,19
202302,서울특별시,서울특별시,마포구,강동구,42,23,19
202303,서울특별시,서울특별시,마포구,강동구,30,17,13
202301,서울특별시,서울특별시,양천구,중구,20,12,8
202302,서울특별시,서울특별시,양천구,중구,16,9,7
202303,서울특별시,서울특별시,양천구,중구,8,3,5
202301,서울특별시,서울특별시,양천구,종로구,11,6,5
202302,서울특별시,서울특별시,양천구,종로구,33,20,13
202303,서울특별시,서울특별시,양천구,종로구,25,11,14
202301,서울특별시,서울특별시,양천구,용산구,36,15,21
202302,서울특별시,서울특별시,양천구,용산구,57,25,32
202303,서울특별시,서울특별시,양천구,용산구,23,14,9
202301,서울특별시,서울특별시,양천구,성동구,33,16,17
202302,서울특별시,서울특별시,양천구,성동구,41,18,23
202303,서울특별시,서울특별시,양천구,성동구,28,15,13
202301,서울특별시,서울특별시,양천구,광진구,24,10,14
202302,서울특별시,서울특별시,양천구,광진구,20,7,13
202303,서울특별시,서울특별시,양천구,광진구,25,11,14
202301,서울특별시,서울특별시,양천구,동대문구,25,11,14
202302,서울특별시,서울특별시,양천구,동대문구,45,19,26
202303,서울특별시,서울특별시,양천구,동대문구,32,15,17
202301,서울특별시,서울특별시,양천구,중랑구,14,9,5
202302,서울특별시,서울특별시,양천구,중랑구,20,11,9
202303,서울특별시,서울특별시,양천구,중랑구,16,7,9
202301,서울특별시,서울특별시,양천구,성북구,30,19,11
202302,서울특별시,서울특별시,양천구,성북구,60,27,33
202303,서울특별시,서울특별시,양천구,성북구,29,15,14
202301,서울특별시,서울특별시,양천구,강북구,26,9,17
202302,서울특별시,서울특별시,양천구,강북구,8,4,4
202303,서울특별시,서울특별시,양천구,강북구,11,4,7
202301,서울특별시,서울특별시,양천구,도봉구,18,2,16
202302,서울특별시,서울특별시,양천구,도봉구,13,9,4
202303,서울특별시,서울특별시,양천구,도봉구,14,10,4
202301,서울특별시,서울특별시,양천구,노원구,22,11,11
202302,서울특별시,서울특별시,양천구,노원구,26,13,13
202303,서울특별시,서울특별시,양천구,노원구,22,10,12
202301,서울특별시,서울특별시,양천구,은평구,23,10,13
202302,서울특별시,서울특별시,양천구,은평구,43,27,16
202303,서울특별시,서울특별시,양천구,은평구,46,27,19
202301,서울특별시,서울특별시,양천구,서대문구,46,22,24
202302,서울특별시,서울특별시,양천구,서대문구,71,40,31
202303,서울특별시,서울특별시,양천구,서대문구,61,28,33
202301,서울특별시,서울특별시,양천구,마포구,73,34,39
202302,서울특별시,서울특별시,양천구,마포구,172,84,88
202303,서울특별시,서울특별시,양천구,마포구,93,47,46
202301,서울특별시,서울특별시,양천구,양천구,782,363,419
202302,서울특별시,서울특별시,양천구,양천구,1165,569,596
202303,서울특별시,서울특별시,양천구,양천구,990,485,505
202301,서울특별시,서울특별시,양천구,강서구,357,174,183
202302,서울특별시,서울특별시,양천구,강서구,452,200,252
202303,서울특별시,서울특별시,양천구,강서구,418,202,216
202301,서울특별시,서울특별시,양천구,구로구,135,70,65
202302,서울특별시,서울특별시,양천구,구로구,217,108,109
202303,서울특별시,서울특별시,양천구,구로구,167,76,91
202301,서울특별시,서울특별시,양천구,금천구,28,15,13
202302,서울특별시,서울특별시,양천구,금천구,33,18,15
202303,서울특별시,서울특별시,양천구,금천구,31,12,19
202301,서울특별시,서울특별시,양천구,영등포구,239,121,118
202302,서울특별시,서울특별시,양천구,영등포구,265,127,138
202303,서울특별시,서울특별시,양천구,영등포구,192,85,107
202301,서울특별시,서울특별시,양천구,동작구,65,29,36
202302,서울특별시,서울특별시,양천구,동작구,129,67,62
202303,서울특별시,서울특별시,양천구,동작구,70,33,37
202301,서울특별시,서울특별시,양천구,관악구,85,42,43
202302,서울특별시,서울특별시,양천구,관악구,110,57,53
202303,서울특별시,서울특별시,양천구,관악구,80,41,39
202301,서울특별시,서울특별시,양천구,서초구,36,15,21
202302,서울특별시,서울특별시,양천구,서초구,40,18,22
202303,서울특별시,서울특별시,양천구,서초구,38,21,17
202301,서울특별시,서울특별시,양천구,강남구,32,14,18
202302,서울특별시,서울특별시,양천구,강남구,49,28,21
202303,서울특별시,서울특별시,양천구,강남구,45,21,24
202301,서울특별시,서울특별시,양천구,송파구,36,15,21
202302,서울특별시,서울특별시,양천구,송파구,49,21,28
202303,서울특별시,서울특별시,양천구,송파구,54,22,32
202301,서울특별시,서울특별시,양천구,강동구,16,5,11
202302,서울특별시,서울특별시,양천구,강동구,45,20,25
202303,서울특별시,서울특별시,양천구,강동구,26,13,13
202301,서울특별시,서울특별시,강서구,중구,11,5,6
202302,서울특별시,서울특별시,강서구,중구,16,10,6
202303,서울특별시,서울특별시,강서구,중구,20,9,11
202301,서울특별시,서울특별시,강서구,종로구,20,8,12
202302,서울특별시,서울특별시,강서구,종로구,26,12,14
202303,서울특별시,서울특별시,강서구,종로구,38,16,22
202301,서울특별시,서울특별시,강서구,용산구,40,16,24
202302,서울특별시,서울특별시,강서구,용산구,62,42,20
202303,서울특별시,서울특별시,강서구,용산구,26,12,14
202301,서울특별시,서울특별시,강서구,성동구,30,15,15
202302,서울특별시,서울특별시,강서구,성동구,27,11,16
202303,서울특별시,서울특별시,강서구,성동구,40,24,16
202301,서울특별시,서울특별시,강서구,광진구,38,20,18
202302,서울특별시,서울특별시,강서구,광진구,52,28,24
202303,서울특별시,서울특별시,강서구,광진구,57,24,33
202301,서울특별시,서울특별시,강서구,동대문구,40,16,24
202302,서울특별시,서울특별시,강서구,동대문구,68,34,34
202303,서울특별시,서울특별시,강서구,동대문구,57,35,22
202301,서울특별시,서울특별시,강서구,중랑구,31,11,20
202302,서울특별시,서울특별시,강서구,중랑구,39,19,20
202303,서울특별시,서울특별시,강서구,중랑구,39,19,20
202301,서울특별시,서울특별시,강서구,성북구,60,25,35
202302,서울특별시,서울특별시,강서구,성북구,92,39,53
202303,서울특별시,서울특별시,강서구,성북구,60,27,33
202301,서울특별시,서울특별시,강서구,강북구,23,10,13
202302,서울특별시,서울특별시,강서구,강북구,36,14,22
202303,서울특별시,서울특별시,강서구,강북구,31,20,11
202301,서울특별시,서울특별시,강서구,도봉구,22,9,13
202302,서울특별시,서울특별시,강서구,도봉구,22,14,8
202303,서울특별시,서울특별시,강서구,도봉구,29,13,16
202301,서울특별시,서울특별시,강서구,노원구,64,31,33
202302,서울특별시,서울특별시,강서구,노원구,53,26,27
202303,서울특별시,서울특별시,강서구,노원구,45,17,28
202301,서울특별시,서울특별시,강서구,은평구,74,29,45
202302,서울특별시,서울특별시,강서구,은평구,81,42,39
202303,서울특별시,서울특별시,강서구,은평구,103,57,46
202301,서울특별시,서울특별시,강서구,서대문구,56,23,33
202302,서울특별시,서울특별시,강서구,서대문구,95,41,54
202303,서울특별시,서울특별시,강서구,서대문구,76,31,45
202301,서울특별시,서울특별시,강서구,마포구,111,52,59
202302,서울특별시,서울특별시,강서구,마포구,170,71,99
202303,서울특별시,서울특별시,강서구,마포구,146,74,72
202301,서울특별시,서울특별시,강서구,양천구,356,159,197
202302,서울특별시,서울특별시,강서구,양천구,570,287,283
202303,서울특별시,서울특별시,강서구,양천구,498,253,245
202301,서울특별시,서울특별시,강서구,강서구,1352,637,715
202302,서울특별시,서울특별시,강서구,강서구,1718,824,894
202303,서울특별시,서울특별시,강서구,강서구,1765,814,951
202301,서울특별시,서울특별시,강서구,구로구,72,31,41
202302,서울특별시,서울특별시,강서구,구로구,118,62,56
202303,서울특별시,서울특별시,강서구,구로구,113,56,57
202301,서울특별시,서울특별시,강서구,금천구,45,23,22
202302,서울특별시,서울특별시,강서구,금천구,52,30,22
202303,서울특별시,서울특별시,강서구,금천구,68,31,37
202301,서울특별시,서울특별시,강서구,영등포구,183,103,80
202302,서울특별시,서울특별시,강서구,영등포구,246,113,133
202303,서울특별시,서울특별시,강서구,영등포구,171,84,87
202301,서울특별시,서울특별시,강서구,동작구,77,38,39
202302,서울특별시,서울특별시,강서구,동작구,107,53,54
202303,서울특별시,서울특별시,강서구,동작구,120,59,61
202301,서울특별시,서울특별시,강서구,관악구,133,61,72
202302,서울특별시,서울특별시,강서구,관악구,159,69,90
202303,서울특별시,서울특별시,강서구,관악구,193,83,110
202301,서울특별시,서울특별시,강서구,서초구,57,26,31
202302,서울특별시,서울특별시,강서구,서초구,71,32,39
202303,서울특별시,서울특별시,강서구,서초구,66,38,28
202301,서울특별시,서울특별시,강서구,강남구,65,29,36
202302,서울특별시,서울특별시,강서구,강남구,100,47,53
202303,서울특별시,서울특별시,강서구,강남구,80,38,42
202301,서울특별시,서울특별시,강서구,송파구,68,30,38
202302,서울특별시,서울특별시,강서구,송파구,95,47,48
202303,서울특별시,서울특별시,강서구,송파구,59,32,27
202301,서울특별시,서울특별시,강서구,강동구,41,18,23
202302,서울특별시,서울특별시,강서구,강동구,56,34,22
202303,서울특별시,서울특별시,강서구,강동구,33,13,20
202301,서울특별시,서울특별시,구로구,중구,28,17,11
202302,서울특별시,서울특별시,구로구,중구,14,9,5
202303,서울특별시,서울특별시,구로구,중구,12,6,6
202301,서울특별시,서울특별시,구로구,종로구,14,6,8
202302,서울특별시,서울특별시,구로구,종로구,11,3,8
202303,서울특별시,서울특별시,구로구,종로구,19,9,10
202301,서울특별시,서울특별시,구로구,용산구,23,9,14
202302,서울특별시,서울특별시,구로구,용산구,34,15,19
202303,서울특별시,서울특별시,구로구,용산구,33,13,20
202301,서울특별시,서울특별시,구로구,성동구,17,9,8
202302,서울특별시,서울특별시,구로구,성동구,23,14,9
202303,서울특별시,서울특별시,구로구,성동구,32,22,10
202301,서울특별시,서울특별시,구로구,광진구,26,17,9
202302,서울특별시,서울특별시,구로구,광진구,32,14,18
202303,서울특별시,서울특별시,구로구,광진구,33,15,18
202301,서울특별시,서울특별시,구로구,동대문구,28,18,10
202302,서울특별시,서울특별시,구로구,동대문구,43,23,20
202303,서울특별시,서울특별시,구로구,동대문구,36,16,20
202301,서울특별시,서울특별시,구로구,중랑구,22,10,12
202302,서울특별시,서울특별시,구로구,중랑구,19,8,11
202303,서울특별시,서울특별시,구로구,중랑구,14,10,4
202301,서울특별시,서울특별시,구로구,성북구,37,14,23
202302,서울특별시,서울특별시,구로구,성북구,45,22,23
202303,서울특별시,서울특별시,구로구,성북구,24,16,8
202301,서울특별시,서울특별시,구로구,강북구,23,10,13
202302,서울특별시,서울특별시,구로구,강북구,25,15,10
202303,서울특별시,서울특별시,구로구,강북구,20,11,9
202301,서울특별시,서울특별시,구로구,도봉구,10,4,6
202302,서울특별시,서울특별시,구로구,도봉구,15,5,10
202303,서울특별시,서울특별시,구로구,도봉구,16,4,12
202301,서울특별시,서울특별시,구로구,노원구,28,11,17
202302,서울특별시,서울특별시,구로구,노원구,24,11,13
202303,서울특별시,서울특별시,구로구,노원구,21,9,12
202301,서울특별시,서울특별시,구로구,은평구,42,27,15
202302,서울특별시,서울특별시,구로구,은평구,47,21,26
202303,서울특별시,서울특별시,구로구,은평구,36,17,19
202301,서울특별시,서울특별시,구로구,서대문구,23,9,14
202302,서울특별시,서울특별시,구로구,서대문구,34,16,18
202303,서울특별시,서울특별시,구로구,서대문구,24,14,10
202301,서울특별시,서울특별시,구로구,마포구,70,33,37
202302,서울특별시,서울특별시,구로구,마포구,48,23,25
202303,서울특별시,서울특별시,구로구,마포구,57,32,25
202301,서울특별시,서울특별시,구로구,양천구,149,73,76
202302,서울특별시,서울특별시,구로구,양천구,210,104,106
202303,서울특별시,서울특별시,구로구,양천구,199,96,103
202301,서울특별시,서울특별시,구로구,강서구,95,44,51
202302,서울특별시,서울특별시,구로구,강서구,121,50,71
202303,서울특별시,서울특별시,구로구,강서구,120,49,71
202301,서울특별시,서울특별시,구로구,구로구,589,308,281
202302,서울특별시,서울특별시,구로구,구로구,610,279,331
202303,서울특별시,서울특별시,구로구,구로구,782,381,401
202301,서울특별시,서울특별시,구로구,금천구,119,50,69
202302,서울특별시,서울특별시,구로구,금천구,123,60,63
202303,서울특별시,서울특별시,구로구,금천구,122,65,57
202301,서울특별시,서울특별시,구로구,영등포구,182,88,94
202302,서울특별시,서울특별시,구로구,영등포구,183,88,95
202303,서울특별시,서울특별시,구로구,영등포구,201,104,97
202301,서울특별시,서울특별시,구로구,동작구,106,43,63
202302,서울특별시,서울특별시,구로구,동작구,145,64,81
202303,서울특별시,서울특별시,구로구,동작구,106,56,50
202301,서울특별시,서울특별시,구로구,관악구,193,100,93
202302,서울특별시,서울특별시,구로구,관악구,197,91,106
202303,서울특별시,서울특별시,구로구,관악구,183,85,98
202301,서울특별시,서울특별시,구로구,서초구,33,14,19
202302,서울특별시,서울특별시,구로구,서초구,25,14,11
202303,서울특별시,서울특별시,구로구,서초구,53,27,26
202301,서울특별시,서울특별시,구로구,강남구,37,11,26
202302,서울특별시,서울특별시,구로구,강남구,41,20,21
202303,서울특별시,서울특별시,구로구,강남구,40,21,19
202301,서울특별시,서울특별시,구로구,송파구,49,26,23
202302,서울특별시,서울특별시,구로구,송파구,57,29,28
202303,서울특별시,서울특별시,구로구,송파구,44,22,22
202301,서울특별시,서울특별시,구로구,강동구,21,15,6
202302,서울특별시,서울특별시,구로구,강동구,31,15,16
202303,서울특별시,서울특별시,구로구,강동구,32,18,14
202301,서울특별시,서울특별시,금천구,중구,8,5,3
202302,서울특별시,서울특별시,금천구,중구,10,5,5
202303,서울특별시,서울특별시,금천구,중구,6,3,3
202301,서울특별시,서울특별시,금천구,종로구,3,1,2
202302,서울특별시,서울특별시,금천구,종로구,10,7,3
202303,서울특별시,서울특별시,금천구,종로구,11,7,4
202301,서울특별시,서울특별시,금천구,용산구,13,5,8
202302,서울특별시,서울특별시,금천구,용산구,23,14,9
202303,서울특별시,서울특별시,금천구,용산구,17,9,8
202301,서울특별시,서울특별시,금천구,성동구,24,11,13
202302,서울특별시,서울특별시,금천구,성동구,15,9,6
202303,서울특별시,서울특별시,금천구,성동구,15,8,7
202301,서울특별시,서울특별시,금천구,광진구,26,9,17
202302,서울특별시,서울특별시,금천구,광진구,19,10,9
202303,서울특별시,서울특별시,금천구,광진구,21,9,12
202301,서울특별시,서울특별시,금천구,동대문구,16,4,12
202302,서울특별시,서울특별시,금천구,동대문구,19,11,8
202303,서울특별시,서울특별시,금천구,동대문구,29,18,11
202301,서울특별시,서울특별시,금천구,중랑구,7,3,4
202302,서울특별시,서울특별시,금천구,중랑구,11,5,6
202303,서울특별시,서울특별시,금천구,중랑구,13,6,7
202301,서울특별시,서울특별시,금천구,성북구,17,9,8
202302,서울특별시,서울특별시,금천구,성북구,27,11,16
202303,서울특별시,서울특별시,금천구,성북구,19,10,9
202301,서울특별시,서울특별시,금천구,강북구,10,4,6
202302,서울특별시,서울특별시,금천구,강북구,6,4,2
202303,서울특별시,서울특별시,금천구,강북구,14,9,5
202301,서울특별시,서울특별시,금천구,도봉구,9,6,3
202302,서울특별시,서울특별시,금천구,도봉구,11,6,5
202303,서울특별시,서울특별시,금천구,도봉구,9,6,3
202301,서울특별시,서울특별시,금천구,노원구,19,13,6
202302,서울특별시,서울특별시,금천구,노원구,21,12,9
202303,서울특별시,서울특별시,금천구,노원구,10,6,4
202301,서울특별시,서울특별시,금천구,은평구,16,6,10
202302,서울특별시,서울특별시,금천구,은평구,18,6,12
202303,서울특별시,서울특별시,금천구,은평구,25,14,11
202301,서울특별시,서울특별시,금천구,서대문구,16,10,6
202302,서울특별시,서울특별시,금천구,서대문구,21,12,9
202303,서울특별시,서울특별시,금천구,서대문구,25,10,15
202301,서울특별시,서울특별시,금천구,마포구,18,9,9
202302,서울특별시,서울특별시,금천구,마포구,25,10,15
202303,서울특별시,서울특별시,금천구,마포구,38,18,20
202301,서울특별시,서울특별시,금천구,양천구,20,12,8
202302,서울특별시,서울특별시,금천구,양천구,28,17,11
202303,서울특별시,서울특별시,금천구,양천구,24,12,12
202301,서울특별시,서울특별시,금천구,강서구,31,19,12
202302,서울특별시,서울특별시,금천구,강서구,42,20,22
202303,서울특별시,서울특별시,금천구,강서구,40,25,15
202301,서울특별시,서울특별시,금천구,구로구,89,44,45
202302,서울특별시,서울특별시,금천구,구로구,106,57,49
202303,서울특별시,서울특별시,금천구,구로구,108,57,51
202301,서울특별시,서울특별시,금천구,금천구,368,194,174
202302,서울특별시,서울특별시,금천구,금천구,496,261,235
202303,서울특별시,서울특별시,금천구,금천구,578,283,295
202301,서울특별시,서울특별시,금천구,영등포구,65,31,34
202302,서울특별시,서울특별시,금천구,영등포구,58,28,30
202303,서울특별시,서울특별시,금천구,영등포구,79,38,41
202301,서울특별시,서울특별시,금천구,동작구,46,22,24
202302,서울특별시,서울특별시,금천구,동작구,78,39,39
202303,서울특별시,서울특별시,금천구,동작구,65,36,29
202301,서울특별시,서울특별시,금천구,관악구,173,86,87
202302,서울특별시,서울특별시,금천구,관악구,205,105,100
202303,서울특별시,서울특별시,금천구,관악구,226,116,110
202301,서울특별시,서울특별시,금천구,서초구,13,5,8
202302,서울특별시,서울특별시,금천구,서초구,22,10,12
202303,서울특별시,서울특별시,금천구,서초구,11,9,2
202301,서울특별시,서울특별시,금천구,강남구,5,4,1
202302,서울특별시,서울특별시,금천구,강남구,34,14,20
202303,서울특별시,서울특별시,금천구,강남구,26,15,11
202301,서울특별시,서울특별시,금천구,송파구,19,10,9
202302,서울특별시,서울특별시,금천구,송파구,21,8,13
202303,서울특별시,서울특별시,금천구,송파구,32,13,19
202301,서울특별시,서울특별시,금천구,강동구,20,7,13
202302,서울특별시,서울특별시,금천구,강동구,12,5,7
202303,서울특별시,서울특별시,금천구,강동구,12,5,7
202301,서울특별시,서울특별시,영등포구,중구,35,17,18
202302,서울특별시,서울특별시,영등포구,중구,34,14,20
202303,서울특별시,서울특별시,영등포구,중구,14,7,7
202301,서울특별시,서울특별시,영등포구,종로구,29,14,15
202302,서울특별시,서울특별시,영등포구,종로구,44,23,21
202303,서울특별시,서울특별시,영등포구,종로구,24,15,9
202301,서울특별시,서울특별시,영등포구,용산구,69,31,38
202302,서울특별시,서울특별시,영등포구,용산구,63,30,33
202303,서울특별시,서울특별시,영등포구,용산구,71,39,32
202301,서울특별시,서울특별시,영등포구,성동구,44,27,17
202302,서울특별시,서울특별시,영등포구,성동구,35,17,18
202303,서울특별시,서울특별시,영등포구,성동구,60,29,31
202301,서울특별시,서울특별시,영등포구,광진구,58,20,38
202302,서울특별시,서울특별시,영등포구,광진구,62,27,35
202303,서울특별시,서울특별시,영등포구,광진구,45,23,22
202301,서울특별시,서울특별시,영등포구,동대문구,52,32,20
202302,서울특별시,서울특별시,영등포구,동대문구,72,34,38
202303,서울특별시,서울특별시,영등포구,동대문구,63,34,29
202301,서울특별시,서울특별시,영등포구,중랑구,28,8,20
202302,서울특별시,서울특별시,영등포구,중랑구,46,22,24
202303,서울특별시,서울특별시,영등포구,중랑구,32,11,21
202301,서울특별시,서울특별시,영등포구,성북구,49,20,29
202302,서울특별시,서울특별시,영등포구,성북구,79,27,52
202303,서울특별시,서울특별시,영등포구,성북구,52,23,29
202301,서울특별시,서울특별시,영등포구,강북구,16,5,11
202302,서울특별시,서울특별시,영등포구,강북구,19,6,13
202303,서울특별시,서울특별시,영등포구,강북구,22,10,12
202301,서울특별시,서울특별시,영등포구,도봉구,32,16,16
202302,서울특별시,서울특별시,영등포구,도봉구,16,9,7
202303,서울특별시,서울특별시,영등포구,도봉구,23,11,12
202301,서울특별시,서울특별시,영등포구,노원구,40,18,22
202302,서울특별시,서울특별시,영등포구,노원구,56,26,30
202303,서울특별시,서울특별시,영등포구,노원구,37,17,20
202301,서울특별시,서울특별시,영등포구,은평구,59,30,29
202302,서울특별시,서울특별시,영등포구,은평구,52,20,32
202303,서울특별시,서울특별시,영등포구,은평구,71,31,40
202301,서울특별시,서울특별시,영등포구,서대문구,87,47,40
202302,서울특별시,서울특별시,영등포구,서대문구,105,35,70
202303,서울특별시,서울특별시,영등포구,서대문구,70,29,41
202301,서울특별시,서울특별시,영등포구,마포구,128,57,71
202302,서울특별시,서울특별시,영등포구,마포구,156,84,72
202303,서울특별시,서울특별시,영등포구,마포구,164,77,87
202301,서울특별시,서울특별시,영등포구,양천구,179,93,86
202302,서울특별시,서울특별시,영등포구,양천구,231,108,123
202303,서울특별시,서울특별시,영등포구,양천구,198,102,96
202301,서울특별시,서울특별시,영등포구,강서구,168,79,89
202302,서울특별시,서울특별시,영등포구,강서구,167,80,87
202303,서울특별시,서울특별시,영등포구,강서구,180,81,99
202301,서울특별시,서울특별시,영등포구,구로구,137,59,78
202302,서울특별시,서울특별시,영등포구,구로구,147,70,77
202303,서울특별시,서울특별시,영등포구,구로구,157,74,83
202301,서울특별시,서울특별시,영등포구,금천구,62,28,34
202302,서울특별시,서울특별시,영등포구,금천구,78,41,37
202303,서울특별시,서울특별시,영등포구,금천구,76,36,40
202301,서울특별시,서울특별시,영등포구,영등포구,765,370,395
202302,서울특별시,서울특별시,영등포구,영등포구,797,395,402
202303,서울특별시,서울특별시,영등포구,영등포구,856,391,465
202301,서울특별시,서울특별시,영등포구,동작구,297,139,158
202302,서울특별시,서울특별시,영등포구,동작구,361,181,180
202303,서울특별시,서울특별시,영등포구,동작구,304,154,150
202301,서울특별시,서울특별시,영등포구,관악구,203,99,104
202302,서울특별시,서울특별시,영등포구,관악구,267,138,129
202303,서울특별시,서울특별시,영등포구,관악구,218,101,117
202301,서울특별시,서울특별시,영등포구,서초구,73,31,42
202302,서울특별시,서울특별시,영등포구,서초구,71,34,37
202303,서울특별시,서울특별시,영등포구,서초구,87,41,46
202301,서울특별시,서울특별시,영등포구,강남구,82,32,50
202302,서울특별시,서울특별시,영등포구,강남구,86,39,47
202303,서울특별시,서울특별시,영등포구,강남구,79,41,38
202301,서울특별시,서울특별시,영등포구,송파구,68,33,35
202302,서울특별시,서울특별시,영등포구,송파구,84,46,38
202303,서울특별시,서울특별시,영등포구,송파구,72,38,34
202301,서울특별시,서울특별시,영등포구,강동구,38,14,24
202302,서울특별시,서울특별시,영등포구,강동구,58,23,35
202303,서울특별시,서울특별시,영등포구,강동구,49,23,26
202301,서울특별시,서울특별시,동작구,중구,17,12,5
202302,서울특별시,서울특별시,동작구,중구,27,10,17
202303,서울특별시,서울특별시,동작구,중구,34,16,18
202301,서울특별시,서울특별시,동작구,종로구,28,12,16
202302,서울특별시,서울특별시,동작구,종로구,29,14,15
202303,서울특별시,서울특별시,동작구,종로구,30,16,14
202301,서울특별시,서울특별시,동작구,용산구,29,19,10
202302,서울특별시,서울특별시,동작구,용산구,79,40,39
202303,서울특별시,서울특별시,동작구,용산구,116,54,62
202301,서울특별시,서울특별시,동작구,성동구,32,14,18
202302,서울특별시,서울특별시,동작구,성동구,47,21,26
202303,서울특별시,서울특별시,동작구,성동구,74,33,41
202301,서울특별시,서울특별시,동작구,광진구,48,23,25
202302,서울특별시,서울특별시,동작구,광진구,48,28,20
202303,서울특별시,서울특별시,동작구,광진구,70,32,38
202301,서울특별시,서울특별시,동작구,동대문구,40,19,21
202302,서울특별시,서울특별시,동작구,동대문구,65,28,37
202303,서울특별시,서울특별시,동작구,동대문구,71,36,35
202301,서울특별시,서울특별시,동작구,중랑구,31,10,21
202302,서울특별시,서울특별시,동작구,중랑구,26,14,12
202303,서울특별시,서울특별시,동작구,중랑구,47,22,25
202301,서울특별시,서울특별시,동작구,성북구,46,21,25
202302,서울특별시,서울특별시,동작구,성북구,57,24,33
202303,서울특별시,서울특별시,동작구,성북구,70,34,36
202301,서울특별시,서울특별시,동작구,강북구,13,7,6
202302,서울특별시,서울특별시,동작구,강북구,23,11,12
202303,서울특별시,서울특별시,동작구,강북구,19,8,11
202301,서울특별시,서울특별시,동작구,도봉구,11,5,6
202302,서울특별시,서울특별시,동작구,도봉구,29,15,14
202303,서울특별시,서울특별시,동작구,도봉구,23,8,15
202301,서울특별시,서울특별시,동작구,노원구,34,20,14
202302,서울특별시,서울특별시,동작구,노원구,46,29,17
202303,서울특별시,서울특별시,동작구,노원구,60,28,32
202301,서울특별시,서울특별시,동작구,은평구,43,19,24
202302,서울특별시,서울특별시,동작구,은평구,44,22,22
202303,서울특별시,서울특별시,동작구,은평구,51,18,33
202301,서울특별시,서울특별시,동작구,서대문구,41,19,22
202302,서울특별시,서울특별시,동작구,서대문구,42,19,23
202303,서울특별시,서울특별시,동작구,서대문구,84,41,43
202301,서울특별시,서울특별시,동작구,마포구,61,30,31
202302,서울특별시,서울특별시,동작구,마포구,112,58,54
202303,서울특별시,서울특별시,동작구,마포구,94,43,51
202301,서울특별시,서울특별시,동작구,양천구,57,32,25
202302,서울특별시,서울특별시,동작구,양천구,35,16,19
202303,서울특별시,서울특별시,동작구,양천구,74,41,33
202301,서울특별시,서울특별시,동작구,강서구,40,15,25
202302,서울특별시,서울특별시,동작구,강서구,73,32,41
202303,서울특별시,서울특별시,동작구,강서구,118,55,63
202301,서울특별시,서울특별시,동작구,구로구,66,26,40
202302,서울특별시,서울특별시,동작구,구로구,68,37,31
202303,서울특별시,서울특별시,동작구,구로구,108,56,52
202301,서울특별시,서울특별시,동작구,금천구,38,20,18
202302,서울특별시,서울특별시,동작구,금천구,39,17,22
202303,서울특별시,서울특별시,동작구,금천구,69,35,34
202301,서울특별시,서울특별시,동작구,영등포구,150,71,79
202302,서울특별시,서울특별시,동작구,영등포구,207,92,115
202303,서울특별시,서울특별시,동작구,영등포구,227,113,114
202301,서울특별시,서울특별시,동작구,동작구,570,275,295
202302,서울특별시,서울특별시,동작구,동작구,992,473,519
202303,서울특별시,서울특별시,동작구,동작구,1168,570,598
202301,서울특별시,서울특별시,동작구,관악구,299,137,162
202302,서울특별시,서울특별시,동작구,관악구,414,190,224
202303,서울특별시,서울특별시,동작구,관악구,387,187,200
202301,서울특별시,서울특별시,동작구,서초구,198,96,102
202302,서울특별시,서울특별시,동작구,서초구,252,129,123
202303,서울특별시,서울특별시,동작구,서초구,318,154,164
202301,서울특별시,서울특별시,동작구,강남구,106,55,51
202302,서울특별시,서울특별시,동작구,강남구,181,94,87
202303,서울특별시,서울특별시,동작구,강남구,159,87,72
202301,서울특별시,서울특별시,동작구,송파구,70,32,38
202302,서울특별시,서울특별시,동작구,송파구,80,43,37
202303,서울특별시,서울특별시,동작구,송파구,169,82,87
202301,서울특별시,서울특별시,동작구,강동구,21,12,9
202302,서울특별시,서울특별시,동작구,강동구,68,33,35
202303,서울특별시,서울특별시,동작구,강동구,73,36,37
202301,서울특별시,서울특별시,관악구,중구,28,16,12
202302,서울특별시,서울특별시,관악구,중구,27,12,15
202303,서울특별시,서울특별시,관악구,중구,25,9,16
202301,서울특별시,서울특별시,관악구,종로구,37,19,18
202302,서울특별시,서울특별시,관악구,종로구,33,13,20
202303,서울특별시,서울특별시,관악구,종로구,35,21,14
202301,서울특별시,서울특별시,관악구,용산구,49,25,24
202302,서울특별시,서울특별시,관악구,용산구,70,37,33
202303,서울특별시,서울특별시,관악구,용산구,74,37,37
202301,서울특별시,서울특별시,관악구,성동구,50,24,26
202302,서울특별시,서울특별시,관악구,성동구,76,41,35
202303,서울특별시,서울특별시,관악구,성동구,45,21,24
202301,서울특별시,서울특별시,관악구,광진구,68,27,41
202302,서울특별시,서울특별시,관악구,광진구,106,55,51
202303,서울특별시,서울특별시,관악구,광진구,79,39,40
202301,서울특별시,서울특별시,관악구,동대문구,49,29,20
202302,서울특별시,서울특별시,관악구,동대문구,119,66,53
202303,서울특별시,서울특별시,관악구,동대문구,64,34,30
202301,서울특별시,서울특별시,관악구,중랑구,41,18,23
202302,서울특별시,서울특별시,관악구,중랑구,44,18,26
202303,서울특별시,서울특별시,관악구,중랑구,54,26,28
202301,서울특별시,서울특별시,관악구,성북구,83,43,40
202302,서울특별시,서울특별시,관악구,성북구,110,53,57
202303,서울특별시,서울특별시,관악구,성북구,96,48,48
202301,서울특별시,서울특별시,관악구,강북구,35,15,20
202302,서울특별시,서울특별시,관악구,강북구,46,24,22
202303,서울특별시,서울특별시,관악구,강북구,49,23,26
202301,서울특별시,서울특별시,관악구,도봉구,15,10,5
202302,서울특별시,서울특별시,관악구,도봉구,41,20,21
202303,서울특별시,서울특별시,관악구,도봉구,33,14,19
202301,서울특별시,서울특별시,관악구,노원구,51,23,28
202302,서울특별시,서울특별시,관악구,노원구,92,47,45
202303,서울특별시,서울특별시,관악구,노원구,64,37,27
202301,서울특별시,서울특별시,관악구,은평구,46,23,23
202302,서울특별시,서울특별시,관악구,은평구,55,24,31
202303,서울특별시,서울특별시,관악구,은평구,76,34,42
202301,서울특별시,서울특별시,관악구,서대문구,74,42,32
202302,서울특별시,서울특별시,관악구,서대문구,101,48,53
202303,서울특별시,서울특별시,관악구,서대문구,79,40,39
202301,서울특별시,서울특별시,관악구,마포구,93,49,44
202302,서울특별시,서울특별시,관악구,마포구,114,61,53
202303,서울특별시,서울특별시,관악구,마포구,100,47,53
202301,서울특별시,서울특별시,관악구,양천구,60,27,33
202302,서울특별시,서울특별시,관악구,양천구,77,43,34
202303,서울특별시,서울특별시,관악구,양천구,73,36,37
202301,서울특별시,서울특별시,관악구,강서구,81,32,49
202302,서울특별시,서울특별시,관악구,강서구,137,82,55
202303,서울특별시,서울특별시,관악구,강서구,121,62,59
202301,서울특별시,서울특별시,관악구,구로구,110,52,58
202302,서울특별시,서울특별시,관악구,구로구,103,57,46
202303,서울특별시,서울특별시,관악구,구로구,126,62,64
202301,서울특별시,서울특별시,관악구,금천구,117,59,58
202302,서울특별시,서울특별시,관악구,금천구,146,76,70
202303,서울특별시,서울특별시,관악구,금천구,133,65,68
202301,서울특별시,서울특별시,관악구,영등포구,127,58,69
202302,서울특별시,서울특별시,관악구,영등포구,154,79,75
202303,서울특별시,서울특별시,관악구,영등포구,186,86,100
202301,서울특별시,서울특별시,관악구,동작구,342,156,186
202302,서울특별시,서울특별시,관악구,동작구,391,191,200
202303,서울특별시,서울특별시,관악구,동작구,400,195,205
202301,서울특별시,서울특별시,관악구,관악구,1432,734,698
202302,서울특별시,서울특별시,관악구,관악구,1861,951,910
202303,서울특별시,서울특별시,관악구,관악구,1845,935,910
202301,서울특별시,서울특별시,관악구,서초구,146,74,72
202302,서울특별시,서울특별시,관악구,서초구,157,81,76
202303,서울특별시,서울특별시,관악구,서초구,191,93,98
202301,서울특별시,서울특별시,관악구,강남구,148,76,72
202302,서울특별시,서울특별시,관악구,강남구,172,77,95
202303,서울특별시,서울특별시,관악구,강남구,159,93,66
202301,서울특별시,서울특별시,관악구,송파구,88,46,42
202302,서울특별시,서울특별시,관악구,송파구,104,51,53
202303,서울특별시,서울특별시,관악구,송파구,130,58,72
202301,서울특별시,서울특별시,관악구,강동구,43,24,19
202302,서울특별시,서울특별시,관악구,강동구,51,27,24
202303,서울특별시,서울특별시,관악구,강동구,58,31,27
202301,서울특별시,서울특별시,서초구,중구,28,14,14
202302,서울특별시,서울특별시,서초구,중구,34,17,17
202303,서울특별시,서울특별시,서초구,중구,27,10,17
202301,서울특별시,서울특별시,서초구,종로구,45,23,22
202302,서울특별시,서울특별시,서초구,종로구,51,24,27
202303,서울특별시,서울특별시,서초구,종로구,41,16,25
202301,서울특별시,서울특별시,서초구,용산구,90,46,44
202302,서울특별시,서울특별시,서초구,용산구,144,64,80
202303,서울특별시,서울특별시,서초구,용산구,134,63,71
202301,서울특별시,서울특별시,서초구,성동구,91,43,48
202302,서울특별시,서울특별시,서초구,성동구,149,71,78
202303,서울특별시,서울특별시,서초구,성동구,110,55,55
202301,서울특별시,서울특별시,서초구,광진구,36,16,20
202302,서울특별시,서울특별시,서초구,광진구,75,44,31
202303,서울특별시,서울특별시,서초구,광진구,67,32,35
202301,서울특별시,서울특별시,서초구,동대문구,41,19,22
202302,서울특별시,서울특별시,서초구,동대문구,62,33,29
202303,서울특별시,서울특별시,서초구,동대문구,62,28,34
202301,서울특별시,서울특별시,서초구,중랑구,25,6,19
202302,서울특별시,서울특별시,서초구,중랑구,27,16,11
202303,서울특별시,서울특별시,서초구,중랑구,28,15,13
202301,서울특별시,서울특별시,서초구,성북구,50,29,21
202302,서울특별시,서울특별시,서초구,성북구,62,28,34
202303,서울특별시,서울특별시,서초구,성북구,44,21,23
202301,서울특별시,서울특별시,서초구,강북구,9,3,6
202302,서울특별시,서울특별시,서초구,강북구,14,4,10
202303,서울특별시,서울특별시,서초구,강북구,10,4,6
202301,서울특별시,서울특별시,서초구,도봉구,7,2,5
202302,서울특별시,서울특별시,서초구,도봉구,21,8,13
202303,서울특별시,서울특별시,서초구,도봉구,23,12,11
202301,서울특별시,서울특별시,서초구,노원구,30,8,22
202302,서울특별시,서울특별시,서초구,노원구,62,25,37
202303,서울특별시,서울특별시,서초구,노원구,47,24,23
202301,서울특별시,서울특별시,서초구,은평구,36,13,23
202302,서울특별시,서울특별시,서초구,은평구,35,18,17
202303,서울특별시,서울특별시,서초구,은평구,31,13,18
202301,서울특별시,서울특별시,서초구,서대문구,56,31,25
202302,서울특별시,서울특별시,서초구,서대문구,87,34,53
202303,서울특별시,서울특별시,서초구,서대문구,46,19,27
202301,서울특별시,서울특별시,서초구,마포구,110,52,58
202302,서울특별시,서울특별시,서초구,마포구,143,71,72
202303,서울특별시,서울특별시,서초구,마포구,86,37,49
202301,서울특별시,서울특별시,서초구,양천구,49,19,30
202302,서울특별시,서울특별시,서초구,양천구,73,32,41
202303,서울특별시,서울특별시,서초구,양천구,40,23,17
202301,서울특별시,서울특별시,서초구,강서구,51,24,27
202302,서울특별시,서울특별시,서초구,강서구,70,37,33
202303,서울특별시,서울특별시,서초구,강서구,57,27,30
202301,서울특별시,서울특별시,서초구,구로구,45,18,27
202302,서울특별시,서울특별시,서초구,구로구,22,12,10
202303,서울특별시,서울특별시,서초구,구로구,44,24,20
202301,서울특별시,서울특별시,서초구,금천구,13,7,6
202302,서울특별시,서울특별시,서초구,금천구,21,13,8
202303,서울특별시,서울특별시,서초구,금천구,17,11,6
202301,서울특별시,서울특별시,서초구,영등포구,63,25,38
202302,서울특별시,서울특별시,서초구,영등포구,127,67,60
202303,서울특별시,서울특별시,서초구,영등포구,86,46,40
202301,서울특별시,서울특별시,서초구,동작구,249,122,127
202302,서울특별시,서울특별시,서초구,동작구,390,184,206
202303,서울특별시,서울특별시,서초구,동작구,225,86,139
202301,서울특별시,서울특별시,서초구,관악구,171,86,85
202302,서울특별시,서울특별시,서초구,관악구,201,95,106
202303,서울특별시,서울특별시,서초구,관악구,188,105,83
202301,서울특별시,서울특별시,서초구,서초구,960,468,492
202302,서울특별시,서울특별시,서초구,서초구,1140,549,591
202303,서울특별시,서울특별시,서초구,서초구,974,456,518
202301,서울특별시,서울특별시,서초구,강남구,441,213,228
202302,서울특별시,서울특별시,서초구,강남구,518,257,261
202303,서울특별시,서울특별시,서초구,강남구,440,195,245
202301,서울특별시,서울특별시,서초구,송파구,124,58,66
202302,서울특별시,서울특별시,서초구,송파구,183,84,99
202303,서울특별시,서울특별시,서초구,송파구,149,62,87
202301,서울특별시,서울특별시,서초구,강동구,29,14,15
202302,서울특별시,서울특별시,서초구,강동구,71,34,37
202303,서울특별시,서울특별시,서초구,강동구,59,28,31
202301,서울특별시,서울특별시,강남구,중구,45,27,18
202302,서울특별시,서울특별시,강남구,중구,64,37,27
202303,서울특별시,서울특별시,강남구,중구,67,31,36
202301,서울특별시,서울특별시,강남구,종로구,28,12,16
202302,서울특별시,서울특별시,강남구,종로구,47,23,24
202303,서울특별시,서울특별시,강남구,종로구,59,38,21
202301,서울특별시,서울특별시,강남구,용산구,116,53,63
202302,서울특별시,서울특별시,강남구,용산구,142,62,80
202303,서울특별시,서울특별시,강남구,용산구,179,85,94
202301,서울특별시,서울특별시,강남구,성동구,166,82,84
202302,서울특별시,서울특별시,강남구,성동구,293,149,144
202303,서울특별시,서울특별시,강남구,성동구,268,127,141
202301,서울특별시,서울특별시,강남구,광진구,87,44,43
202302,서울특별시,서울특별시,강남구,광진구,149,79,70
202303,서울특별시,서울특별시,강남구,광진구,174,92,82
202301,서울특별시,서울특별시,강남구,동대문구,53,22,31
202302,서울특별시,서울특별시,강남구,동대문구,135,75,60
202303,서울특별시,서울특별시,강남구,동대문구,112,54,58
202301,서울특별시,서울특별시,강남구,중랑구,37,20,17
202302,서울특별시,서울특별시,강남구,중랑구,57,28,29
202303,서울특별시,서울특별시,강남구,중랑구,64,30,34
202301,서울특별시,서울특별시,강남구,성북구,84,43,41
202302,서울특별시,서울특별시,강남구,성북구,113,46,67
202303,서울특별시,서울특별시,강남구,성북구,119,65,54
202301,서울특별시,서울특별시,강남구,강북구,24,14,10
202302,서울특별시,서울특별시,강남구,강북구,29,11,18
202303,서울특별시,서울특별시,강남구,강북구,43,21,22
202301,서울특별시,서울특별시,강남구,도봉구,19,8,11
202302,서울특별시,서울특별시,강남구,도봉구,25,15,10
202303,서울특별시,서울특별시,강남구,도봉구,35,19,16
202301,서울특별시,서울특별시,강남구,노원구,65,36,29
202302,서울특별시,서울특별시,강남구,노원구,111,56,55
202303,서울특별시,서울특별시,강남구,노원구,114,52,62
202301,서울특별시,서울특별시,강남구,은평구,62,24,38
202302,서울특별시,서울특별시,강남구,은평구,56,29,27
202303,서울특별시,서울특별시,강남구,은평구,74,38,36
202301,서울특별시,서울특별시,강남구,서대문구,52,23,29
202302,서울특별시,서울특별시,강남구,서대문구,128,71,57
202303,서울특별시,서울특별시,강남구,서대문구,105,53,52
202301,서울특별시,서울특별시,강남구,마포구,94,49,45
202302,서울특별시,서울특별시,강남구,마포구,184,82,102
202303,서울특별시,서울특별시,강남구,마포구,175,80,95
202301,서울특별시,서울특별시,강남구,양천구,90,46,44
202302,서울특별시,서울특별시,강남구,양천구,97,52,45
202303,서울특별시,서울특별시,강남구,양천구,135,71,64
202301,서울특별시,서울특별시,강남구,강서구,78,40,38
202302,서울특별시,서울특별시,강남구,강서구,98,44,54
202303,서울특별시,서울특별시,강남구,강서구,120,59,61
202301,서울특별시,서울특별시,강남구,구로구,40,22,18
202302,서울특별시,서울특별시,강남구,구로구,46,22,24
202303,서울특별시,서울특별시,강남구,구로구,74,46,28
202301,서울특별시,서울특별시,강남구,금천구,20,8,12
202302,서울특별시,서울특별시,강남구,금천구,26,13,13
202303,서울특별시,서울특별시,강남구,금천구,29,13,16
202301,서울특별시,서울특별시,강남구,영등포구,85,42,43
202302,서울특별시,서울특별시,강남구,영등포구,129,59,70
202303,서울특별시,서울특별시,강남구,영등포구,173,78,95
202301,서울특별시,서울특별시,강남구,동작구,95,44,51
202302,서울특별시,서울특별시,강남구,동작구,216,93,123
202303,서울특별시,서울특별시,강남구,동작구,202,99,103
202301,서울특별시,서울특별시,강남구,관악구,125,69,56
202302,서울특별시,서울특별시,강남구,관악구,177,96,81
202303,서울특별시,서울특별시,강남구,관악구,212,93,119
202301,서울특별시,서울특별시,강남구,서초구,390,203,187
202302,서울특별시,서울특별시,강남구,서초구,619,303,316
202303,서울특별시,서울특별시,강남구,서초구,725,356,369
202301,서울특별시,서울특별시,강남구,강남구,1537,738,799
202302,서울특별시,서울특별시,강남구,강남구,2004,959,1045
202303,서울특별시,서울특별시,강남구,강남구,2987,1412,1575
202301,서울특별시,서울특별시,강남구,송파구,361,166,195
202302,서울특별시,서울특별시,강남구,송파구,739,360,379
202303,서울특별시,서울특별시,강남구,송파구,1038,497,541
202301,서울특별시,서울특별시,강남구,강동구,90,42,48
202302,서울특별시,서울특별시,강남구,강동구,169,90,79
202303,서울특별시,서울특별시,강남구,강동구,208,114,94
202301,서울특별시,서울특별시,송파구,중구,31,20,11
202302,서울특별시,서울특별시,송파구,중구,46,27,19
202303,서울특별시,서울특별시,송파구,중구,47,27,20
202301,서울특별시,서울특별시,송파구,종로구,34,16,18
202302,서울특별시,서울특별시,송파구,종로구,37,21,16
202303,서울특별시,서울특별시,송파구,종로구,29,12,17
202301,서울특별시,서울특별시,송파구,용산구,64,31,33
202302,서울특별시,서울특별시,송파구,용산구,66,28,38
202303,서울특별시,서울특별시,송파구,용산구,62,34,28
202301,서울특별시,서울특별시,송파구,성동구,90,49,41
202302,서울특별시,서울특별시,송파구,성동구,224,105,119
202303,서울특별시,서울특별시,송파구,성동구,155,75,80
202301,서울특별시,서울특별시,송파구,광진구,140,65,75
202302,서울특별시,서울특별시,송파구,광진구,267,122,145
202303,서울특별시,서울특별시,송파구,광진구,206,96,110
202301,서울특별시,서울특별시,송파구,동대문구,79,31,48
202302,서울특별시,서울특별시,송파구,동대문구,129,64,65
202303,서울특별시,서울특별시,송파구,동대문구,81,23,58
202301,서울특별시,서울특별시,송파구,중랑구,64,34,30
202302,서울특별시,서울특별시,송파구,중랑구,73,30,43
202303,서울특별시,서울특별시,송파구,중랑구,55,26,29
202301,서울특별시,서울특별시,송파구,성북구,57,20,37
202302,서울특별시,서울특별시,송파구,성북구,96,51,45
202303,서울특별시,서울특별시,송파구,성북구,87,46,41
202301,서울특별시,서울특별시,송파구,강북구,22,9,13
202302,서울특별시,서울특별시,송파구,강북구,50,20,30
202303,서울특별시,서울특별시,송파구,강북구,30,13,17
202301,서울특별시,서울특별시,송파구,도봉구,32,17,15
202302,서울특별시,서울특별시,송파구,도봉구,30,15,15
202303,서울특별시,서울특별시,송파구,도봉구,32,14,18
202301,서울특별시,서울특별시,송파구,노원구,91,40,51
202302,서울특별시,서울특별시,송파구,노원구,131,58,73
202303,서울특별시,서울특별시,송파구,노원구,72,36,36
202301,서울특별시,서울특별시,송파구,은평구,51,19,32
202302,서울특별시,서울특별시,송파구,은평구,57,29,28
202303,서울특별시,서울특별시,송파구,은평구,54,27,27
202301,서울특별시,서울특별시,송파구,서대문구,69,30,39
202302,서울특별시,서울특별시,송파구,서대문구,100,46,54
202303,서울특별시,서울특별시,송파구,서대문구,49,26,23
202301,서울특별시,서울특별시,송파구,마포구,69,32,37
202302,서울특별시,서울특별시,송파구,마포구,146,69,77
202303,서울특별시,서울특별시,송파구,마포구,106,52,54
202301,서울특별시,서울특별시,송파구,양천구,48,20,28
202302,서울특별시,서울특별시,송파구,양천구,88,43,45
202303,서울특별시,서울특별시,송파구,양천구,52,25,27
202301,서울특별시,서울특별시,송파구,강서구,68,25,43
202302,서울특별시,서울특별시,송파구,강서구,90,34,56
202303,서울특별시,서울특별시,송파구,강서구,94,45,49
202301,서울특별시,서울특별시,송파구,구로구,46,21,25
202302,서울특별시,서울특별시,송파구,구로구,64,31,33
202303,서울특별시,서울특별시,송파구,구로구,55,20,35
202301,서울특별시,서울특별시,송파구,금천구,24,13,11
202302,서울특별시,서울특별시,송파구,금천구,23,12,11
202303,서울특별시,서울특별시,송파구,금천구,35,14,21
202301,서울특별시,서울특별시,송파구,영등포구,93,42,51
202302,서울특별시,서울특별시,송파구,영등포구,127,60,67
202303,서울특별시,서울특별시,송파구,영등포구,100,45,55
202301,서울특별시,서울특별시,송파구,동작구,78,38,40
202302,서울특별시,서울특별시,송파구,동작구,167,82,85
202303,서울특별시,서울특별시,송파구,동작구,127,72,55
202301,서울특별시,서울특별시,송파구,관악구,157,76,81
202302,서울특별시,서울특별시,송파구,관악구,221,109,112
202303,서울특별시,서울특별시,송파구,관악구,176,91,85
202301,서울특별시,서울특별시,송파구,서초구,132,64,68
202302,서울특별시,서울특별시,송파구,서초구,188,87,101
202303,서울특별시,서울특별시,송파구,서초구,211,106,105
202301,서울특별시,서울특별시,송파구,강남구,498,234,264
202302,서울특별시,서울특별시,송파구,강남구,607,285,322
202303,서울특별시,서울특별시,송파구,강남구,507,245,262
202301,서울특별시,서울특별시,송파구,송파구,1727,863,864
202302,서울특별시,서울특별시,송파구,송파구,2319,1131,1188
202303,서울특별시,서울특별시,송파구,송파구,2357,1099,1258
202301,서울특별시,서울특별시,송파구,강동구,303,148,155
202302,서울특별시,서울특별시,송파구,강동구,428,188,240
202303,서울특별시,서울특별시,송파구,강동구,382,190,192
202301,서울특별시,서울특별시,강동구,중구,13,4,9
202302,서울특별시,서울특별시,강동구,중구,22,10,12
202303,서울특별시,서울특별시,강동구,중구,29,11,18
202301,서울특별시,서울특별시,강동구,종로구,19,10,9
202302,서울특별시,서울특별시,강동구,종로구,20,8,12
202303,서울특별시,서울특별시,강동구,종로구,13,6,7
202301,서울특별시,서울특별시,강동구,용산구,20,9,11
202302,서울특별시,서울특별시,강동구,용산구,26,12,14
202303,서울특별시,서울특별시,강동구,용산구,19,8,11
202301,서울특별시,서울특별시,강동구,성동구,61,32,29
202302,서울특별시,서울특별시,강동구,성동구,91,45,46
202303,서울특별시,서울특별시,강동구,성동구,83,35,48
202301,서울특별시,서울특별시,강동구,광진구,135,73,62
202302,서울특별시,서울특별시,강동구,광진구,153,72,81
202303,서울특별시,서울특별시,강동구,광진구,157,87,70
202301,서울특별시,서울특별시,강동구,동대문구,50,23,27
202302,서울특별시,서울특별시,강동구,동대문구,90,42,48
202303,서울특별시,서울특별시,강동구,동대문구,69,32,37
202301,서울특별시,서울특별시,강동구,중랑구,56,28,28
202302,서울특별시,서울특별시,강동구,중랑구,84,43,41
202303,서울특별시,서울특별시,강동구,중랑구,82,40,42
202301,서울특별시,서울특별시,강동구,성북구,33,15,18
202302,서울특별시,서울특별시,강동구,성북구,76,37,39
202303,서울특별시,서울특별시,강동구,성북구,54,22,32
202301,서울특별시,서울특별시,강동구,강북구,20,10,10
202302,서울특별시,서울특별시,강동구,강북구,32,14,18
202303,서울특별시,서울특별시,강동구,강북구,26,15,11
202301,서울특별시,서울특별시,강동구,도봉구,16,8,8
202302,서울특별시,서울특별시,강동구,도봉구,22,11,11
202303,서울특별시,서울특별시,강동구,도봉구,20,8,12
202301,서울특별시,서울특별시,강동구,노원구,45,20,25
202302,서울특별시,서울특별시,강동구,노원구,71,34,37
202303,서울특별시,서울특별시,강동구,노원구,60,30,30
202301,서울특별시,서울특별시,강동구,은평구,23,16,7
202302,서울특별시,서울특별시,강동구,은평구,41,14,27
202303,서울특별시,서울특별시,강동구,은평구,31,17,14
202301,서울특별시,서울특별시,강동구,서대문구,36,18,18
202302,서울특별시,서울특별시,강동구,서대문구,42,21,21
202303,서울특별시,서울특별시,강동구,서대문구,21,10,11
202301,서울특별시,서울특별시,강동구,마포구,35,15,20
202302,서울특별시,서울특별시,강동구,마포구,54,29,25
202303,서울특별시,서울특별시,강동구,마포구,40,15,25
202301,서울특별시,서울특별시,강동구,양천구,16,8,8
202302,서울특별시,서울특별시,강동구,양천구,50,25,25
202303,서울특별시,서울특별시,강동구,양천구,23,11,12
202301,서울특별시,서울특별시,강동구,강서구,41,20,21
202302,서울특별시,서울특별시,강동구,강서구,69,33,36
202303,서울특별시,서울특별시,강동구,강서구,56,25,31
202301,서울특별시,서울특별시,강동구,구로구,34,16,18
202302,서울특별시,서울특별시,강동구,구로구,29,17,12
202303,서울특별시,서울특별시,강동구,구로구,28,16,12
202301,서울특별시,서울특별시,강동구,금천구,30,16,14
202302,서울특별시,서울특별시,강동구,금천구,24,16,8
202303,서울특별시,서울특별시,강동구,금천구,18,13,5
202301,서울특별시,서울특별시,강동구,영등포구,50,27,23
202302,서울특별시,서울특별시,강동구,영등포구,55,27,28
202303,서울특별시,서울특별시,강동구,영등포구,44,21,23
202301,서울특별시,서울특별시,강동구,동작구,48,22,26
202302,서울특별시,서울특별시,강동구,동작구,64,32,32
202303,서울특별시,서울특별시,강동구,동작구,39,22,17
202301,서울특별시,서울특별시,강동구,관악구,63,33,30
202302,서울특별시,서울특별시,강동구,관악구,62,24,38
202303,서울특별시,서울특별시,강동구,관악구,66,30,36
202301,서울특별시,서울특별시,강동구,서초구,36,18,18
202302,서울특별시,서울특별시,강동구,서초구,80,37,43
202303,서울특별시,서울특별시,강동구,서초구,62,28,34
202301,서울특별시,서울특별시,강동구,강남구,79,43,36
202302,서울특별시,서울특별시,강동구,강남구,157,86,71
202303,서울특별시,서울특별시,강동구,강남구,121,56,65
202301,서울특별시,서울특별시,강동구,송파구,378,167,211
202302,서울특별시,서울특별시,강동구,송파구,488,218,270
202303,서울특별시,서울특별시,강동구,송파구,444,219,225
202301,서울특별시,서울특별시,강동구,강동구,1187,582,605
202302,서울특별시,서울특별시,강동구,강동구,1654,819,835
202303,서울특별시,서울특별시,강동구,강동구,1530,751,779
